011b9b3,西安中星测控有限公司-CK365测控网
014f210, 24小时内新闻动态更新列表_智能制造网
01bc148,免费发布供应信息及产品批发价格的网络批发平台_供应信息网_第一枪
01d96e0,调速振荡器名片_规格指标_使用说明-维库电子通
01e8d3f,安防工程商_安防工程商公司名录_最全最新安防工程商企业黄页-中国安防网
01f5bfd,RF射频测试专栏-RF射频测试-供应-CK365测控网
0235be7,8-50-1真实现货 85C64-20,82,8A19511,8A19510- 买卖IC网
02e1614,【维库电子市场网】热门IC(集成电路)采购数据库，IC技术资料PDF下载，IC优质供应商
0350bc8,l-50-1真实现货 LTC4211CS8,LTC4002ES8-8.4,LME49721MAX,LM185H-2.5- 买卖IC网
0353dc8,企业建站-智能制造网
03c8be8,中国智能制造2025，工业4.0行业动态频道-智能制造网
03f0746,u-21-1真实现货 UPB8282,UPB8282C,UPB8282D,UPB8288D- 买卖IC网
0428538,找回密码-商务中心-CK365测控网-Powered By Donny
04ac094,免责声明-CK365测控网
04ec7f5,高速剪脚机名片_调整说明_使用说明-维库电子通
052b557,单片机论坛，最专业的单片机技术论坛 - 嵌入式论坛 - 中国电子论坛  - 广受欢迎的专业电子论坛!
0580e97,仪表网-仪表展览网,仪器仪表交易信息门户行业网站、资讯传媒!
05b36bd,供应频道-企业免费发布产品供应/批发/采购信息平台！
05ba731,IC数字p1 pdf下载目录第1页 - 买卖IC网
05dc1a2,10kV级组合式变压器特点_使用条件-维库电子通
060e704,聚焦智能检测发展新趋势 我国工程质量检测行业创新发展_智能检测,工程质量检测,智能制造及工业4.0-智能制造网
06905ab,IC数字y1 pdf下载目录第1页 - 买卖IC网
0695095,热门IC型号索引L,第1页-买卖IC网
06ca202,拉力试验机使用注意事项_智能制造网
0759fa8,电动式继电器工作原理_主要参数-维库电子通
079be69,示波器专栏-数字示波器,虚拟示波器,示波器探头-供应-CK365测控网
07b3268,LED防爆泛光灯介绍_适用场所_注意事项-维库电子通
0809967,家用LED灯发光原理_特点_LED照明设计理论-维库电子通
084b671,机器视觉网,机器视觉系统,机器视觉自动化-智能制造机器视觉网
08ebb38,漩涡流量变送器简介_工作原理_主要特点-维库电子通
0987ee6,IC数字n1 pdf下载目录第1页 - 买卖IC网
09ef9d1,数据记录器专栏-数据记录器,键盘记录器,行车记录器,温湿度记录器-供应-CK365测控网
09efeff,p-50-1真实现货 PIC16F73-I/SO,PTCTL4MR250GTE,PCMC063T-1R2MN,PE-65444- 买卖IC网
0a1367c,传感技术_传感器论坛  - 广受欢迎的专业电子论坛!
0a49676,化工产品网-专业的化工产品交易平台
0a69da3,M12电缆接头好处_应用领域-维库电子通
0c06491,环保在线-环保设备_环保设备网_环保网_行业“互联网+”服务平台
0d2b9af,标准件_紧固件_螺丝_行业门户-中华标准件网
0df461f,0-21-1真实现货 - 买卖IC网
0e337a5,友情链接-电子发烧友网
0e82a54,发布IC采购信息--维库电子市场网
0efe03e,工控网-数字化、工业互联及智能制造领域权威传媒
0f3431f,安森美半导体汽车功能电子化小测验
1032658,2020工业控制与通信技术研讨会 - 电子发烧友在线研讨会
10586ec,曲终人不散 与制造业同行——第20届立嘉国际智能装备展载誉收官_智能装备,机器人,智能制造及工业4.0-智能制造网
105fdd3,j-50-1真实现货 JM38510/34105BRA,JM38510/32503CGO,JM38510/23806BVA,JM38510/33001BCA- 买卖IC网
1062173,拉曼光纤放大器概念_分类_优点-维库电子通
10b21e1,电力英才网_电力招聘网_电力人才网-一览电力
10ce415,线间变压器简介_特点_种类-维库电子通
11114ad,气压继电器简介_工作原理_存在的问题-维库电子通
112e8be,产品更新列表_CK365测控网 测控技术,仪器仪表,数据采集,数据采集卡-CK365测控网
114d5e9,阿仪网-仪器信息网,仪器仪表专业平台
11580b5,全国互联网安全管理服务平台
115e20b,IC pdf datasheet_IC数据手册_IC PDF资料_IC技术资料查询_维库电子市场网
1190c20,气力输送用高压鼓风机设备的特点讲解_智能制造网
11d1a71,半导体光放大器介绍_分类_优点-维库电子通
1215a57,RHN热继电器概述_使用条件_结构特点-维库电子通
129390d,通用型智能温度变送器性能简介_技术特点_技术参数-维库电子通
12b7259,地埋式变压器技术特征_技术规范_常见机型-维库电子通
12cb19c,IC数字81 pdf下载目录第1页 - 买卖IC网
12d8709,电子家园 - 中国电子技术论坛  - 广受欢迎的专业电子论坛!
1303dab,液晶数码管结构_驱动方式_应用范围-维库电子通
131d2a6,光纤通道交换机功能_类别-维库电子通
135bb96,风速仪专栏-风速仪,风温仪,风量仪-供应-CK365测控网
136ce7f,智能制造网_专场分类
1383a0c,Acrel-6000/B电气火灾监控系统在温州南车轨道车辆公司中的应用_智能制造网
14e089b,数字I/O专栏-数字I/O-供应-CK365测控网
15070b4,单相交流电压变送器定义_符合标准_适用环境-维库电子通
152a2e3,影像测量仪专栏-影像测量仪,全自动影像测量仪,光学影像测量仪,二次元影像测量仪-供应-CK365测控网
160575d,中国智能制造2025，工业4.0行业产品评测动态频道-智能制造网
161432c,关于我们-CK365测控网
1697fa5,化工仪器网-专业科学仪器，分析检测仪器及实验室设备服务平台
16e254c,IPSS电源概述_特点_应用领域-维库电子通
17269c8,智能制造零部件报价|规格|品牌|公司_智能制造网
174f129,联系我们-电子发烧友网
174fdc1,IC数字d1 pdf下载目录第1页 - 买卖IC网
17a3028,Battery.com.cn（东胜电池网）
17c3d01,1-21-1真实现货 1000BS,1000BS-TR,1000DS,1000DS-TR- 买卖IC网
17d6e7f,b-50-1真实现货 BH1603FVC-TR,B5819WS,BYT230PIV-400,BTS5589G- 买卖IC网
17f030a,单相电流变送器概述_通用技术条件_功能扩展-维库电子通
181e778,易智家机器人-上机器人项目,中国机器人集成应用门户,1万+机器人集成商集聚
186ea9e,联系方式-CK365测控网
18ac978,光纤以太网交换机简介_产品性能-维库电子通
18ae5f6,纸质锂电池性能优势_技术原理_应用领域-维库电子通
18fc3cd,室外温湿度变送器简介_功能及特点_适用范围-维库电子通
192a180,激光测深仪专栏-激光测深仪,测深仪-供应-CK365测控网
19323e2,单法兰液位变送器简介_详细介绍_主要特点-维库电子通
1977f05,智能制造、机器人、3D打印、物联网、云计算产品服务大全-智能制造网
1a4559a,y-50-1真实现货 YDS-305-S1,YDS-1R505,YDSV303R3,Y2932- 买卖IC网
1a62570,本站服务-智能制造网
1ae1bc9,用户登录-华强智慧网
1b171e3,C114通信网|通信网站|通信门户
1bdb985,IC数字51 pdf下载目录第1页 - 买卖IC网
1bdfc59,全国互联网安全管理服务平台
1c0d649,c-21-1真实现货 CS16-06GO2,CS16-08IO3,CS16-12IO3,CS23-08IO2- 买卖IC网
1c2309c,10100M光纤收发器产品介绍_功能特性-维库电子通
1c41f41,油浸式调压器用途_特点-维库电子通
1cd6e75,常闭开关介绍-维库电子通
1ce037e,详解恩派特铝刨花压块机工作原理_智能制造网
1d2973b,嵌入式板卡专栏-嵌入式板卡-供应-中国测控网
1d3f069,霍尔电流变送器主要特点_产品优点_技术参数-维库电子通
1e29ce3,压力传感器-传感器-物联/传感技术-供应-CK365测控网
1e5b078,x-50-1真实现货 X1286A8I,XL1410,XC6213B282GR,XCV1000E-6FG860AFT- 买卖IC网
1e64723,加固笔记本专栏-加固笔记本电脑-供应-CK365测控网
1e6f1ad,IC数字91 pdf下载目录第1页 - 买卖IC网
1e88f88,热门IC型号索引L,第1页-买卖IC网
1f39fca,热门IC型号索引L,第1页-买卖IC网
1f678d8,7ML5221-1BA18 _求购信息_智能制造网
1f81a34,大功率铝基电路板名片_特点_结构-维库电子通
1f82729,EM600L CD _求购信息_智能制造网
1fbb8ed,资料下载 - 下载中心 - 北京泛华恒兴科技有限公司
200ade7,电流开关量变送器产品介绍_产品分类_应用场合-维库电子通
2090b46,LLG继电器结构及工作原理：-维库电子通
209fba8,网站最近更新_网站地图_中国安防网
20afe08,中国智能制造2025，工业4.0行业技术前沿动态频道-智能制造网
20e1fc7,过电型分支器基本信息_制作方法_区别-维库电子通
217307d,z-21-1真实现货 ZX2385,ZX3CD2S1M832,ZX3CDBS1M832,ZXBM1004Q16TC- 买卖IC网
21cdb11,设计技术-技术文章-电子发烧友网
2291b6f,地理信息专栏-地理信息,定位导航,光电遥测-供应-CK365测控网
22bb94e,车牌识别_车牌识别价格_品牌_厂家_批发-中国安防网
22d314a,电容器有哪些_常用电容器-华秋商城
230b7d3,磁致伸缩继电器工作原理和特性_技术参数_继电器测试-维库电子通
2319d1f,EETOP 创芯网论坛-中国著名的集成电路设计论坛、IC设计论坛、半导体论坛、微电子论坛，广受欢迎的专业电子论坛! -  
2364672,绝缘电阻测试仪测试绝缘电阻的步骤及注意事项_智能制造网
2389311,一周趣评：三星家族式管理将告终 金山云上市暴涨_云计算,机器人,智能制造及工业4.0-智能制造网
23b9fb6,电子信息产业网
23bf3a2,光电器件有哪些_常用光电器件-华秋商城
2436379,圣邦微 _求购信息_智能制造网
247408e,Dynamic D-3100D双排标准型 插头壳体 TE 178326-5 [参数 价格 图片 报价]-华秋商城
2486ce1,轮廓传感器定义_纳米级表面轮廓传感器_测量中的应用-维库电子通
2492471,激光测长仪专栏-激光测长仪,测长仪,卧式测长仪,根管测长仪-供应-CK365测控网
25006a6,电子元器件采购网平台_华强集团旗下电子元器件采购网上商城【华秋商城HQchip】
25575a3,q-50-1真实现货 QFBR5313,QS3125,QL2003-XPL84,QL8X12B-OPL68C- 买卖IC网
2574222,会员登录
25ea655,信号电缆究竟该如何安装呢_智能制造网
26d8e5d,Bad Request
275c6e6,工博会_工业自动化展_机器人展览会_3D打印展会信息-智能制造网
28024b7,关于华强智慧网 - 华强智慧网
289ef53,遥控器接收头简介_原理_封装形式-维库电子通
28d5c98,厦门宇电自动化科技有限公司-CK365测控网
291978f,485中继器产品特点_技术参数_工作条件-维库电子通
29ff3c3,电容咪头产品名片_结构说明_工作原理-维库电子通
2a841c5,g-21-1真实现货 GM5862H-LF-AA,GM5868H-LF-AA,GC4016PB,GC4016-PB- 买卖IC网
2a9d380,电动温度变送器基本结构及原理_输入电路_自激调制式直流放大器和负反馈回路-维库电子通
2aa88e1,北京耐威科技股份有限公司 -CK365测控网
2b05679,自动化技术、智能控制技术栏目-智能制造网
2b58f56,单片机教程网-51开发板,学习板,MCU视频教程-编程实验教学
2bba3b4,b2b免费发布信息网站-实名制B2B推广平台「阿德采购网」
2c2032c,用户建议-电子发烧友网
2c436be,温度传感器-传感器-物联/传感技术-供应-CK365测控网
2c6063b,RSS订阅-CK365测控网
2d2c961,中国电子技术网_电子工程师一站式服务平台-中电网
2da95ed,电气设备/工业电器报价|规格|品牌|公司_智能制造网
2df0757,
2e30a6b,河姆渡B2B电子商务平台官网_中国智能建筑网站_专注弱电安防智能化
2e45eb8,n-50-1真实现货 NCEP85T16D,NSI45030AT1G,NCP699SN18,NEW3ACG- 买卖IC网
2eb3034,北极星智能电网在线 - 新闻|市场|技术|政策动态|项目
2ec9503,展会行程-参展行程安排-去展网
2ee0d16,无线测控专栏-无线测控系统,无线交换设备,无线电系统-供应-CK365测控网
2f36ced,电机网,变频电机,步进电机,伺服电机-智能制造电机网
2f4f9c7,7-21-1真实现货 73K224L-IP,7030L,70790FB,73AF67J- 买卖IC网
2f85176,会展中心|展览会馆|博物馆大全-去展网
30087d5,天天IC网-报价最快的IC交易网
303a074,z-50-1真实现货 Z84C0008FEG,Z84C3008PEG,Z84C3008FEG,Z8D64U- 买卖IC网
304e68c,电容测试仪专栏-供应-CK365测控网
30f80df,r-50-1真实现货 RU6099R,RJK0330DPB,RA60H4047M1,RT8279GSP- 买卖IC网
3107f5a,k-21-1真实现货 KU80386EXTC33,KU80386EXTC25,KU80386EX33,KU80386EX25- 买卖IC网
313c6de,51单片机教程(从原理开始基于汇编)
3150b01,ST6P时间继电器介绍_参数-维库电子通
3175b1b,联系我们 - 华强智慧网
3193487,IC数字b1 pdf下载目录第1页 - 买卖IC网
31e4ec3,功率因数电力变送器技术参数_符合标准_适用环境-维库电子通
31eb505,2-50-1真实现货 2377,2SB5A31RD,268146-3,2.355GHZ- 买卖IC网
32509d5,a-21-1真实现货 AH22S-PCB,AD8609AR,AH22S-G,ADF4106BRU- 买卖IC网
32967ee, 制造交易网（中交网）- b2b电子商务平台,中小企业免费发布信息网站
33d3846,OFweek电子工程网 - 电子行业门户
340695a,人机界面网,plc人机界面,hmi人机界面,人机界面触摸屏-智能制造人机界面网
3435fed,h-50-1真实现货 HMC5983,hcS301-I/SN,HTV903,HR601680- 买卖IC网
346fa53,维库电子市场网--会员注册
3499bcb,雷达遥测专栏-毫米波,亚毫米波,微波器件,雷达测速仪-供应-CK365测控网
35a2532,2019成都国际新能源车展圆满落幕！接待观众10万余人次，现场意向成交额超7.5亿_新能源车展,新能源汽车,智能制造及工业4.0-智能制造网
35a36d8,隔爆型LED泛光灯性能特点_应用场所-维库电子通
35cb239,高清光端机介绍_高清概念-维库电子通
3632e63,Labview2015下载|labview视频教程
3645f9d,LED灯条屏简介_产品特点综合概述-维库电子通
3649cd7,西安达泰电子公司-CK365测控网
36d3395,测控百科-测控词条-测控百科知识-CK365测控网-
375e89f,
3777d4e,第1页元器件参数资料
379f735,9-50-1真实现货 9013,9014,94117-5812751P18,9849RXJ  100V- 买卖IC网
37a5ced,LED射灯杯特性_分类_使用寿命-维库电子通
37d75a0,100uF容值的4000V（4KV）额定电压的通用贴片电容（MLCC）-华秋商城
38419bf,中电港-由中国电子信息产业集团（CEC）全力打造的元器件产业应用创新平台，为您提供电子元器件授权分销、设计链、供应链综合解决方案。
3857efb,套袋机 _求购信息_智能制造网
386424d,的好友 - 中国电子技术论坛  - 广受欢迎的专业电子论坛!
38a8ce0,2019展会-2019自动化展会-2019物联网展会-2019质量控制展会-2019测控技术展会-CK365测控网
3925ad1,直流自耦变压器拓扑结构_性能比较-维库电子通
3953d3d,4U 19上架工控机型号|价格-晶创越世科技（北京）有限公司
3956ba5,基础教程-单片机教程网
396b96f,亿邦动力网 - 电子商务新闻门户
3971576,嵌入式机箱专栏-嵌入式机箱-供应-CK365测控网
39852a4,测控技术与仪器招聘 测控英才网 测控自动化求职招聘_CK365测控网人才频道 
39997ef,搜狐科技-搜狐
39c29a0,固体延时继电器延时电路的组成_应用-维库电子通
39e77b7,【成都钢铁网】-钢材批发-钢铁企业黄页-钢铁电子商务平台
3a7686d,耐久试验机 _求购信息_智能制造网
3ab4dee,武汉航天星科技有限公司-CK365测控网
3b36eec,楼宇自动化的通讯和传感方案 - 电子发烧友在线研讨会
3b5622b,三元聚合物锂电池简介_参数_性能-维库电子通
3b83c07,安防采购动态_最新免费采购信息 - 华强安防网
3bb852e,大功率电源基本组成_主要用途-维库电子通
3c8733a,工业以太网,工业以太网交换机,无线以太网设备-智能制造工业以太网
3de9f91,频谱分析仪专栏-音频频谱分析仪,便携式频谱分析仪,精密噪声频谱分析仪,信号频谱分析仪-供应-CK365测控网
3df1192,多功能定时开关性能描述_优势_应用范围-维库电子通
3e08afb,电源技术论坛，分享电源知识、电源电路资料 - 中国电子技术论坛  - 广受欢迎的专业电子论坛!
3e1b693,u-50-1真实现货 UC3875DWPTR,USX2064-AEZG-TR,UPA1601GS,UT-520- 买卖IC网
3e5a1e0,k-50-1真实现货 KSZ8721BL,KMR310001M-B611,KST14-TF,KC3265-KEY- 买卖IC网
3f34606,ARM技术论坛_最专业的ARM技术论坛  - 广受欢迎的专业电子论坛!
3f4f825,运动控制网,运动控制系统,运动控制器-智能制造运动控制网
3fc4024,频谱分析仪专栏-手持式频谱分析仪,便携式频谱分析仪, 实时频谱分析仪,分子频谱分析仪-供应-CK365测控网
3fcb061,t-50-1真实现货 TH8056KDCA,TLE7244SL,TP4313/TP4303/TP4302/TP4301,TS3DV642A0RUAR- 买卖IC网
3fd2da8,热门IC型号索引L,第1页-买卖IC网
409bafb,千兆光纤以太网交换机主要特点_技术规范-维库电子通
411f61e,电子硬盘专栏-电子硬盘-供应-CK365测控网
4196154,智能装备、智能装备零部件采购、3D打印材料采购-智能制造网
427d2b0,导航/遥测遥控专栏-导航仪器,电子罗盘,三维数字罗盘-供应-CK365测控网
42c5a51,3D打印报价|规格|品牌|公司_智能制造网
42f0259,逻辑分析仪专栏-高性能逻辑分析仪,虚拟逻辑分析仪,孕龙逻辑分析仪,便携式逻辑分析仪-供应-CK365测控网
43284dd,IIS 7.5 详细错误 - 404.0 - Not Found
432bce9,防水开关，防水开关工厂制造商，防水开关贸易公司，出口商-维库电子市场网
435f2ee,4-50-1真实现货 4333B4,4006,4L10F2077,4L01F1625- 买卖IC网
43cd4f1,声全息测量-精密测量仪器-精密/无损检测-供应-CK365测控网
43e2ef1,IC数字t1 pdf下载目录第1页 - 买卖IC网
44053a8,旗下网站-浙江兴旺宝明通网络有限公司
44574ea,远传差压变送器概述_适用场合_特点-维库电子通
4461de6,关于UV紫外线老化试验箱的故障代码解析及处理办法！_智能制造网
44a489e,IC 电子元器件供求信息==IC网==IC商机网,IC交易网,IC PDF资料 IC Datasheet ic技术资料==WWW.IC37.COM==电子元器件
44e64b7,VisionBank电子元器件智能视觉检测案例_智能制造网
44fe24f,智能制造展会直播-智能制造行业会议直播-智能制造企业视频-智能制造网
46db73a,抱歉，您的链接有被盗风险,请联系相应管理人员。
46f3b17,s-50-1真实现货 SAF-XC866-2FRI,SC1205K,SSF1016A,SN74LVC2T45DCURY- 买卖IC网
477eb81,东华测试--振动、应变测试专家
4793ca4,多色发光二极管LED的构造_划时代性成果-维库电子通
47a5c01,采购与招标网_招标信息发布_采购招标投标服务平台
4805f64,响应式网站专题
4821291,定位导航专栏-GPS,电子罗盘,陀螺仪-供应-CK365测控网
48355e0,51电子网-IC电子元器件|IC电子元件|二三极管|电子管交易网站|IC交易网|WWW.51DZW.COM
484181f,网站地图-电子发烧友网
486cc1d,IC电容器简介_电容器-维库电子通
4886053,云商网_供求信息发布,新产品发布的专业B2B商机网平台
489a331,微差压力变送器产品名片_工作原理_技术参数（参考）-维库电子通
4922f39,低压继电器简介_元件符号_触点形式-维库电子通
49bb9ba,IC数字f1 pdf下载目录第1页 - 买卖IC网
4a67576,版权声明-电子发烧友网
4ae6549,TX-98绞肉机-上海台乙机械设备有限公司
4aec455,XF系列卧式沸腾干燥机-常州亿善干燥设备有限公司
4b05724,图尔克（天津）传感器有限公司-CK365测控网
4b380c8,地下变压器技术要求和参数_组成及特点-维库电子通
4bbfe43,LED幻彩灯条产品参数_使用寿命_产品安装方式-维库电子通
4bc541b,网易航空航天频道
4be7f51,大电流贴片电感器名片_特点-维库电子通
4bfd0ff,6-21-1真实现货 65646AE-J100,6DI75A-060A,6TPE470M,6TPE330ML- 买卖IC网
4d5c586,机床商务网-机床,数控机床,激光加工及相关产品采购平台和网络媒体
4e9071a,深耕车联网，一汽解放与四维图新合资成立车联网公司_车联网,智能汽车,智能制造及工业4.0-智能制造网
4f31bf4,与非网 - eefocus: 中国领先的电子技术门户网站
4f544a8,中国智能制造2025，工业4.0行业本站原创动态频道-智能制造网
4fe9018,智能制造网智能制造行业企业新闻频道-智能制造网
506d9a8,湖南银河电气有限公司-CK365测控网
513ab44,5-21-1真实现货 53C810A,57E687BU,57E687CG,595D687X0004E2T- 买卖IC网
521ce5c,车间降温搭配解决方案 打造清凉舒适的车间环境_智能制造网
52376c0,冷缩电缆终端头简介_使用说明-维库电子通
52bf73f,布赫继电器应用_工作原理-维库电子通
52cfbbf,绝对压力变送器产品简介_产品特点_技术参数-维库电子通
52d0bcd,Keysight信号完整性小测验
537bc34,环氧干式电力变压器产品特点_技术规范-维库电子通
5481d6e,DWC系列脱水蔬菜带式干燥机-常州亿善干燥设备有限公司
54dcf0a,Not found
5502dc5,ADLINK—凌华科技集团-CK365测控网
551c36a,导读-最新回复 - 中国电子技术论坛  - 广受欢迎的专业电子论坛!
560e235,北京航天测控技术开发公司-CK365测控网
56193b7,i-50-1真实现货 ICL7660SIBAZT,ICS874001AGI-02LF,INN2215K,INA326EA- 买卖IC网
566432c,51单片机教程网-网站地图
5664c73,人机界面专栏-人机界面,图控一体化产品,触摸屏,管控一体化-供应-CK365测控网
56f28f2,全密封变压器特点_缺点-维库电子通
5775948,发布安防采购信息 - 华强安防网
5782d26,三绕组变压器结构_特性_特点-维库电子通
57aa163,嵌入式系统网,嵌入式操作系统,嵌入式控制器-智能制造嵌入式系统网
58344e1,仪器设备网-分析仪器网,仪器网,仪器信息网
58dac59,深圳市科联浦电子技术有限公司-CK365测控网
591dbdb,浙江红相科技有限公司-CK365测控网
5940af2,IC数字k1 pdf下载目录第1页 - 买卖IC网
59d4a36,最新发表的日志 -  EETOP 创芯网论坛 -  
59eaa15,IC数字61 pdf下载目录第1页 - 买卖IC网
5acccc5,Fluke—美国福禄克公司北京办事处-CK365测控网
5b18c93,5-50-1真实现货 5D55ALLMR9352,5037,5962-8769901MCA,54ACT00DMQB/QS- 买卖IC网
5b7015d,恒温恒湿试验箱安装场所及正确的安装方法是怎样的？_智能制造网
5bc9e98,Elecfans手机客户端 - 电子发烧友
5c35fd3,2019发烧友十周年-电子发烧友学院
5c8c5b7,MCU设计实例-单片机教程网
5c983d7,【万国企业网】免费发布信息的B2B电子商务网站
5ca1e44,安防展览网-安防网,安防行业B2B平台和网络媒体！
5d8e7b1,化工行情_化工原料行情_化工产品市场价格行情/趋势-摩贝网
5d94686,8V1D光端机特点_应用场合-维库电子通
5e0d7bf,搜狐
5e182ae,数字万用表专栏-数字万用表十大品牌,数字万用表测电阻,数字万用表测电容-供应-CK365测控网
5e8093d,IC现货_IC芯片现货_IC现货交易网_维库电子市场网
5f40887,IC数字l1 pdf下载目录第1页 - 买卖IC网
60ed7be,多功能震荡仪 _求购信息_智能制造网
611738e,仪器仪表 自动化 测控技术企业名录大全_CK365测控网企业库
613294e,SCB干式变压器简介_特点-维库电子通
613f4e1,怎样提高交联电缆接头的质量_智能制造网
616313b,论文更新列表_CK365测控网 测控技术,仪器仪表,数据采集,数据采集卡-CK365测控网
61cc2a6,智能制造网精选商家产品-智能制造网
61e5377,IC数字01 pdf下载目录第1页 - 买卖IC网
6206d0c,测控技术在线 仪器仪表技术 自动化技术 解决方案 测控知识 自动化技术-CK365测控网技术中心
624de0b,评选列表_口碑铸就品牌_2017年度华强智慧网优质供应商评选
625a6f7,工业软件网,工业4.0软件,工程设计软件-智能制造工业软件网
6294e52,智能制造网（百站）企业名录
631affd,控创(北京)科技有限公司-CK365测控网
6355e43,物联网报价|规格|品牌|公司_智能制造网
635e076,维库电子市场网 - 电子元器件采购网上平台 Dzsc.com
638487c,公牛插座品牌介绍_产品介绍_品牌发展历程-维库电子通
639d707,正负压变送器主要参数介绍_属性详解-维库电子通
63ba985,首页 - 中国电子技术论坛
63c26ea,深圳华秋电子有限公司-电子产业互联网一站式服务平台
63e692e,电机 _求购信息_智能制造网
63ecbe2,FC光纤快速接续连接器应用范围_特征_规格参数-维库电子通
6433954,展会物流-展品运输-去展网
6453525,胶胆式水锤消除器 _求购信息_智能制造网
64a2eb2,双针连接器详解-维库电子通
64cad82,频率电力变送器适用环境_技术参数_安装方式-维库电子通
64db19f,EI型变压器介绍_分类-维库电子通
652cc32,锌银电池简介_分类_优缺点-维库电子通
65520b8,行业新闻_最新电子行业动态-电子发烧友网
655d826,桥梁护栏灯性能_特点_应用-维库电子通
65777f6,x-21-1真实现货 X0065CE,X0374GE,X043T,X1226S8- 买卖IC网
65bda1f,市场分析_最新的电子行业市场分析报告数据库 -电子发烧友网
65dd493,东方供应商
66befdc,电子元器件选型手册_常用电子元器件选型指南-华秋商城
66e74d4,水利自动化有哪些注意重点_智能制造网
6741038,变频器网,变频器品牌,变频器厂家,变频器价格-智能制造变频器网
6747251,维库电子市场网--会员登录
674f234,图像传感器在汽车行业的改善案例用途集|图像传感器|传感器|按产品分类|行业应用|欧姆龙自动化（中国）有限公司官网
67a1202,Relay继电器简介_作用-维库电子通
67d98f3,CT-C系列热风循环烘箱-常州亿善干燥设备有限公司
68db959,北科慧识官网_生物识别_掌纹掌静脉识别_门禁管理系统_监狱AB门_巡更_点名方案提供商
697d9de,有触点继电器介绍_结论-维库电子通
69ff1b6,全球金属网-上海有色金属网行情 上海有色网报价 上海金属网走势 长江现货有色金属网 铜价铝价铅价锌价锡价镍价等
6a18444,新能源网_全球新能源产业信息平台
6a79728,CAS号查询-CAS NO查询-MSDS查询  「化源网」 专业化工搜索引擎
6b42906,电子说专栏-为有思想的电子人，更好地创造价值
6bf20b1,工控人才资讯_工控人才招聘_工控自动化人才招聘_智能制造网
6c22c71,透射适配器原理_分类-维库电子通
6c27f88,无线传输器性能介绍_常用方案-维库电子通
6cb953e,电子发烧友学院-VIP专区
6ce6e05,4-21-1真实现货 4205S,4373002A,48HD24-300- 买卖IC网
6d10aad,LED显示屏控制系统系统分类_控制系统-维库电子通
6db1d09,MOSFET，MOSFET工厂制造商，MOSFET贸易公司，出口商-维库电子市场网
6dd4a1a,锂离子聚合物电池原理_应用_使用-维库电子通
6e2c63b,新能源汽车动力创新与测控技术在线研讨会-研讨会-会议展览--活动邦-CK365测控网
6f4fd9a,全彩LED灯简介_工作原理_特点-维库电子通
6fadf12,QG、JG、FG系列气流干燥机-常州亿善干燥设备有限公司
70a3328,去展网-展会网、国际展会、国外展会信息平台
71452c2,振弦式传感器简介_振弦式压力传感器_振弦式转矩传感器-维库电子通
71e4289,采购与招标网_官网_打造中国采购与招标网络信息专业平台
71fbad3,LED三色吸顶灯产品简介_功能特点_安装使用-维库电子通
71fe68f,电子发烧友论坛-中国电子技术论坛 - 最好最受欢迎电子论坛!
7214f64,S9型油浸式电力变压器型号含义_产品特点_使用条件-维库电子通
7222504,电源工程师一生的伙伴-电源网
725a301,碰撞电离雪崩渡越时间二极管基本结构-维库电子通
729a8c6,智能制造2025，工业4.0新闻-智能制造网
733fbe6,Molex(莫仕)品牌的导光柱及配件-华秋商城
734c480,信号放大器简介_功能_信号传输方式-维库电子通
743cd20,热门IC型号索引L,第1页-买卖IC网
746b621,LED工厂灯特点_适用范围-维库电子通
74a01bb,中西部地区汽车技术行业盛会——AUTO TECH2019圆满落幕！期待2020年再续辉煌！_汽车技术,汽车制造,智能制造及工业4.0-智能制造网
74e1a9e,关于华秋-集团介绍-深圳华秋电子有限公司-电子产业互联网一站式服务平台
7569db0,激光径直仪专栏-激光测距仪-供应-CK365测控网
75adfe0,keil教程
75b8006,用户反馈
75e2892,发力冻干机蓝海市场，国产企业还需要朝着哪些方向努力？_冻干机,智能冻干机,智能制造及工业4.0-智能制造网
7633191,传感器网,传感器价格,传感器生产厂家公司-智能制造传感器网
774287a,宇电温控器在汝州郑铁三佳养护池计算机监控系统应用心得_智能制造网
776b568,无忧商务网-专业领先的免费B2B电子商务推广平台「无忧商务 商务无忧」
7777177,泵阀商务网-泵阀网、泵阀行业电子商务平台及网络媒体！
778b58f,Proteus论坛，最专业的proteus仿真技术交流平台 - EDA论坛 - 中国电子技术论坛  - 广受欢迎的专业电子论坛!
77a6476,化工设备网-领先的化工设备垂直门户
77b14c0,媒体_CK365测控网
7935e8c,文章征稿-电子发烧友网
793e549,【高手问答】LabVIEW资深研发总监，为你解决研发工程工作中的痛点 - LabVIEW论坛 - 中国电子技术论坛  - 广受欢迎的专业电子论坛!
79bbaaf,产品服务 - 华强智慧网
7a0a3c1,机械传动专栏-调速器,测速机,制动器,无级变速机-供应-CK365测控网
7aef1d1,虚拟仪器网-CK365测控网
7b10049,国际展会_国外展览会-外贸局指定展览平台-盈拓国际展览导航
7b1d2b5,IC数字41 pdf下载目录第1页 - 买卖IC网
7bbfc9d,中研紫光减速机使用时注意的事项_智能制造网
7bd04a4,全球起重机械网-领先的起重机械设备网,让起重采购更简单
7bede3c,贴片三极管，贴片三极管工厂制造商，贴片三极管贸易公司，出口商
7bf3a0e,400 The plain HTTP request was sent to HTTPS port
7c2c05e,单片机c语言教程
7c41045,粉尘仪专栏-粉尘仪,粉尘检测仪,粉尘测试仪,粉尘检测仪,激光粉尘仪-供应-CK365测控网
7c77e43,LED射灯铝基板特点_优点_生产流程-维库电子通
7c96002,发布求购-智能制造网
7d45753,汽车连接器端子介绍_发展趋势_市场问题-维库电子通
7db344e,电子工程网_电子工程师获取电子设计应用技术的专业网站
7ea11b4,r-21-1真实现货 RD5106ANP,RDC19222-600,RDC19222-303,RDC19222-302- 买卖IC网
7fac4ca,东华测试--振动、应变测试专家
7fb6e24,泰瑞达的工程服务
7fde7d1,玻璃资讯-玻璃新闻-全球玻璃网
804512e,中国智能制造2025，工业4.0行业展会报道动态频道-智能制造网
807a85b,备受行业盛赞，年度电子制造盛会NEPCON China2019圆满落幕_电子制造,智能制造及工业4.0-智能制造网
8194397,工控机网,工控机,嵌入式工控机,便携式工控机-智能制造工控机网
81de11f,防爆鼓风机使用时要注意哪些问题_智能制造网
82aca71,双金属片式热过载继电器简介_断相保护_继电器的作用-维库电子通
82feb40,工控机专栏-工控机,加固机,研华工控机,研祥工控机-供应-CK365测控网
83d693f,北京经纬恒润科技有限公司-CK365测控网
84449e5,壁挂式温湿度变送器典型应用_显示屏参数_温度测量范围-维库电子通
84d0b83,手机技术论坛 - 中国电子技术论坛  - 广受欢迎的专业电子论坛!
854ba45, 24小时内4000条产品更新列表_智能制造网
857dad8,振动继电器元件符号_触点形式_主要作用-维库电子通
85c5c9e,新产品-企业资讯-CK365测控网
8616d2b,Dsp论坛、Dsp学习论坛、Dsp开发交流平台 - 中国电子技术论坛  - 广受欢迎的专业电子论坛!
86284fc,电子发烧友论坛 - 中国电子技术论坛 -  Powered by Discuz! Archiver
86bae7f,圆满落幕|2019郑州工博会十五年聚焦智能制造，促进中部先进制造业新旧动能转换_郑州工博会,智能制造,智能制造及工业4.0-智能制造网
86c2cad,中国智能制造2025，工业4.0行业企业动态动态频道-智能制造网
8727634,友情链接_智能制造网
87453ae,嵌入式系统论坛  - 广受欢迎的专业电子论坛!
876a135,中国智能制造2025，工业4.0行业展会回顾动态频道-智能制造网
886103e,UR机器人 _求购信息_智能制造网
88da60f,LED护栏管灯工作原理及效果_适用场所_分类-维库电子通
88dd733,中国智能制造2025，工业4.0行业名家论谈动态频道-智能制造网
89e723b,汽车制造网
8a48b91,工品汇_一站式工业用品采购平台_(VIPMRO.COM)
8a4def8,R&S IQW100宽带I/Q数据记录仪可满足从外场到实验室测试需求的中端仪表_企业资讯_CK365测控网
8b7b3b1,便携式加固机专栏-便携式加固机,便携式工业PC,便携军用加固机-供应-CK365测控网
8bdc7e4,IC数字e1 pdf下载目录第1页 - 买卖IC网
8c2a6ff,会员服务-智能制造网
8c7e29b,维库仪器仪表网－中国领先的仪器仪表商务平台!
8cb7ce9,负压力变送器基本信息_性能特点_选型介绍-维库电子通
8cd945a,BFC-补偿连续吹扫装置,氧化锆分析仪,智能转速表,传感器,智能水位计电极测量筒,风压变送器,防堵取样器,温度巡测记录仪,智能流量计,在线电导,酸度,溶氧仪,磁翻柱,石英,玻璃液位计,汽机保护位移,振动,胀差监视仪
8cf91d1,PLC网,PLC控制系统,plc编程器,PLC存储器-智能制造PLC网
8d50d89,高温液位开关特点_技术参数-维库电子通
8d7fcbe,LED射灯透镜简介_应用范围-维库电子通
8da4ff5,变送器专栏-隔离器,温度变送器,压力变送器-供应-CK365测控网
8da6f62,IC数字21 pdf下载目录第1页 - 买卖IC网
8daa255,AI智能仪表在大棚种植温湿度监控的应用_智能制造网
8daed80,LEDinside|中国LED在线-LED新闻、LED市场调研报告、LED价格行情
8dbb21a,a-50-1真实现货 AD8138ARZ,AD604ARZ,AD603AR,AD8400ARZ10- 买卖IC网
8dca09d,IC数字11 pdf下载目录第1页 - 买卖IC网
8e63dda,RFID网,RFID射频识别,无线射频识别技术-智能制造RFID网
8e86cc3,j-21-1真实现货 JW050F1,JLC1557A,JLC1565A,JLC1565B- 买卖IC网
8ec8012,水分检测仪概述_卤素水分测定仪_仪器操作-维库电子通
8f426d9,找IC优质供应商上【维库电子市场网】
8f56e8d,单片机教程网介绍
8fbb461,国际展会-国外展览会信息-去展网
9020ae6,一次电源介绍_与二次电源-维库电子通
9036e57,MOONS'(鸣志)品牌的步进电机-华秋商城
90c03fa,电动差压变送器简介_组成_结构-维库电子通
90df8d9,IC数字r1 pdf下载目录第1页 - 买卖IC网
91747a6,华南城网_B2B电子商务平台_工业品原材料采购交易平台
9228bcb,际通宝-免费网络推广平台，中小企业信息发布网站，为企业采购服务
927d14c,光电器件专栏-光学装置,光电传感,光电开关-供应-CK365测控网
92d8948,LPG系列高速离心喷雾干燥机-常州亿善干燥设备有限公司
92e5016,IC数字31 pdf下载目录第1页 - 买卖IC网
92fe5c2,常用芯片-单片机教程网
9340af3,l-21-1真实现货 LW005A84,LW015F84,LXT400NE,LM350K- 买卖IC网
94150ec,达纲鼓风机的保养和维护_智能制造网
942bd00,课程 - 创芯大讲堂
9430d63,电子/通信测量专栏-示波器,信号发生器,电子负载,数字万用表,频谱分析仪-供应-CK365测控网
943d339,制造资源网-帮助所有企业做成生意，专业b2b电子商务网站
946573b,SCADA网,SCADA系统,HMI/SCADA软件-智能制造SCADA网
946dfc1,热门IC型号索引L,第1页-买卖IC网
948eb67,电子产品方案开发网-聚丰开发
94cac14,电子发烧友直播_发烧友课堂_全国最好的电子工程师在线直播平台
94d3e40,o-21-1真实现货 OP270AZ,OP11EY,OP462HRUZ,OP462HRUZ-REEL- 买卖IC网
94dd98f,测控网专题
959794a,光伏-北极星太阳能光伏网-专业的光伏行业垂直门户网站
95dac43,智能制造网-机器人_物联网_智能制造_工业4.0"互联网+"服务平台
961410a,i-21-1真实现货 ICX405AK,IXFN100N20,IXFN140N20P,IP82C88- 买卖IC网
969ae85,【产品供应】_批发采购_顺企网
96a5f8f,智能装备求购_机器人求购_3D打印机求购信息_智能制造网
972c3e3,电源网,UPS电源,稳压电源,开关电源,LED电源-智能制造电源网
9782ff9,m-50-1真实现货 MAX5055BASA,MAX539AESA,MLX90316KDC-BDG-SPI,M29W640FB70N6E- 买卖IC网
97f2151,h-21-1真实现货 HDMP-1024G,HDMP-1636AG,HDMP-1646A,HDMP-1646AG- 买卖IC网
97f5beb,案例更新列表_CK365测控网 测控技术,仪器仪表,数据采集,数据采集卡-CK365测控网
97f9fdb,真有效值电流变送器简介_特点_区别-维库电子通
994f266,IC数字g1 pdf下载目录第1页 - 买卖IC网
994fe3d,9-50-1真实现货 9013,9014,94117-5812751P18,9849RXJ  100V- 买卖IC网
9957926,LED数码灯产品特点_控制系统_应用范围-维库电子通
9978e8e,8-21-1真实现货 876-1172-08,88ACS07-BCY- 买卖IC网
99d774f,3-50-1真实现货 3059J-1-101,32-1059,31-1058,3005663-00- 买卖IC网
9a2400a,“五一”犒劳最可爱的你，留言赠送心意好礼！ - 社区活动专版 - 中国电子技术论坛  - 广受欢迎的专业电子论坛!
9a45376,切它网B2B电子商务网站、免费B2B网上贸易平台 - 切它网（QieTa.com）
9a7d003,IC数字u1 pdf下载目录第1页 - 买卖IC网
9a98061,3-21-1真实现货 3012S48WFR,302ELVMV,302LVMV- 买卖IC网
9aba52d,机床旋转编码器优点_种类_工作原理-维库电子通
9b0fb1a,0-50-1真实现货 04813622AA,0900BL15C050E,02CZ9.1-X,0050MF/5.5V- 买卖IC网
9b8070a,IC数字m1 pdf下载目录第1页 - 买卖IC网
9b8c6d4,IC数字j1 pdf下载目录第1页 - 买卖IC网
9c097eb,9-21-1真实现货 920-ST03,932S208DG,954201AG,960002AF- 买卖IC网
9d61dc1,电流平衡继电器工作原理和特性_技术参数_继电器测试-维库电子通
9d62776,求购信息_CK365测控网
9d90432,DFRobot官网-创客_Makelog造物记_DF创客社区_DF创客商城
9e2cb75,IC数字x1 pdf下载目录第1页 - 买卖IC网
9e2d62c,e-21-1真实现货 EE80C196NT,EL2020CN,EL2002CM,EL2003CM- 买卖IC网
9e7a342,m-21-1真实现货 - 买卖IC网
9e98de7,w-50-1真实现货 W25Q64FVSSIG,W24257AK-20,WP90534L1,WP-90975L1- 买卖IC网
9ebb498,背光源导光板分类_应用领域_特点-维库电子通
9f807d6,安装电缆接头时应注意的工艺方面的问题_智能制造网
9fb8874,温度传感器 UMW UMW DS18B20 [参数 价格 图片 报价]-华秋商城
9fe133a,光纤分光器概念_主要参数对比_插入损耗-维库电子通
a022a3c,能源界-全球中文能源门户
a02d4fb,风扇/热管理有哪些_常用风扇/热管理-华秋商城
a05bd14,ADSL分支器用途_作用-维库电子通
a0b322e,维库电子通，电子知识，一查百通！_维库电子市场网
a12c978,中华工控网-中国工控自动化专业传媒-中国自动化学会专家咨询工作委员会指定宣传媒体
a150fb9,单片机软件下载
a184972,面光源概况_应用-维库电子通
a18b26c,电子发烧友论坛 - 中国电子技术论坛  - 广受欢迎的专业电子论坛!
a26f298,电容式液位开关测量原理_应用_技术参数-维库电子通
a2abf51,数据采集卡专栏-数据采集卡-供应-CK365测控网
a2bb10b,上胶机用途_分类-维库电子通
a39be4f,IC数字v1 pdf下载目录第1页 - 买卖IC网
a3df312,-工作温度的DC风扇-华秋商城
a480634,v-21-1真实现货 V112,V126,V23806A8C13,V23815-U1306-M136- 买卖IC网
a558081,检测诊断网-CK365测控网
a5a7db2,2020最新家居建材产品报价信息_齐家网手机版
a84a667,罗德与施瓦茨推出首个针对 5G 双频率范围的自动化 EMC 测试系统_企业资讯_CK365测控网
a8987aa,注册-华强安防网
a948f76,易失性存储器有哪些_常用易失性存储器-华秋商城
a972b7f,淘IC_百度爱采购电子元器件行业授权服务商
a989e05,贴片红外线接收头概述_特性_应用-维库电子通
a9a5d2f,物位仪表专栏-物位仪表,超声波物位仪表,物位仪表维护,雷达物位计,料位开关-供应-CK365测控网
a9c5e60,企业技术创新资讯|企业如何科技创新|创新技术新闻资讯|贤集网
aa6dbd5,商虎中国-专业B2B网站，企业免费发布信息B2B平台, 帮助中小企业做成生意
aaf1bcc,机械继电器技术参数_原理特性_触点形式-维库电子通
ab78fe9,有毒有害气体检测仪专栏-有毒有害气体监测仪,有毒有害气体检测仪,有毒有害气体报警仪-供应-CK365测控网
ac7f0c0,YPG系列压力式喷雾（冷却）干燥机-常州亿善干燥设备有限公司
ac831c2,智能控制报价|规格|品牌|公司_智能制造网
ad236c1,零序电流继电器基本简介_相关标准-维库电子通
ad59178,申请友情链接_智能制造网
ae2059b,2-21-1真实现货 2SA1010,2096L,20H150C,20JL2C41- 买卖IC网
ae4a6e0,留言反馈
ae79087,导轨继电器特点_型号类型_主要参数-维库电子通
ae7d463,b-21-1真实现货 BMA8382PLABA,BMA8382SLABA,BU1425AK,BFQ68- 买卖IC网
af0d535,万贯五金机电网-万贯集团旗下五金机电城网上商城(市场)
af2b2bb,现场总线网,工业现场总线,现场总线电缆,总线连接器-智能制造现场总线网
af57e96,速度传感器-传感器-物联/传感技术-供应-CK365测控网
b005dae,中国动力展展后报告发布，一分钟带您了解展览详情_内燃机,动力设备,智能制造及工业4.0-智能制造网
b048d25,二极管，二极管工厂制造商，二极管贸易公司，出口商-维库电子市场网
b06cb8c,智能型压力变送器简介_性能规格_特点分析-维库电子通
b108ac8,DW单层带式干燥机-常州亿善干燥设备有限公司
b19bb40,隔膜压力开关特点_工作原理_应用-维库电子通
b1b8de4,电机产品有哪些_常用电机产品-华秋商城
b1d474b,电子电路图，电子电路图网，电子技术资料网站
b2f64c3,天然气检测仪简介_用途_特点-维库电子通
b3a6bff,中国智能制造2025，工业4.0行业产品资讯动态频道-智能制造网
b3f9c26,室内温湿度变送器功能及特点_适用范围_基本原理-维库电子通
b40a67e,北京星网宇达科技开发有限公司-CK365测控网
b4923e3,智慧安防_智慧家居_五金工具_智慧照明_电工电气_智能设备_空调制冷_智能机械_智能仪器_汽车用品-华强智慧网
b54e555,铠装电缆分类_用途_接线基本要求-维库电子通
b562fcd,电缆式浮球开关简介_性能特点_技术参数-维库电子通
b5f86b1,Osicoder旋转编码器性能描述_优势-维库电子通
b6f9bf2,气动差压变送器基本元件及组件-维库电子通
b71ef7b,全国互联网安全管理服务平台
b721799,罗德与施瓦茨实现亚太赫兹超宽带信号分析_企业资讯_CK365测控网
b7f9009,ZLPG系列中药浸膏喷雾干燥机-常州亿善干燥设备有限公司
b803ead,触想|工业平板电脑一体机显示器安装方法之悬臂式安装_智能制造网
b873e89,阀控铅酸电池简介_分类_特点-维库电子通
b879c9f,d-50-1真实现货 DS18B20,DS133833,DP83902AVJC,DP83858VF- 买卖IC网
b87e96d,1-50-1真实现货 1ED020I12-F,11277-01-99,13F-60LDNL,13F-60FGYDPNW2NL- 买卖IC网
b8e5ae9,6-50-1真实现货 6116ALSP-20,6.8Z-DZD6.8Z-TA,6206A33P,63S1681AJ- 买卖IC网
b8ef4a2,IC数字71 pdf下载目录第1页 - 买卖IC网
b912126,物联网技术 - 中国电子技术论坛  - 广受欢迎的专业电子论坛!
b916e60,展会资讯_展会新闻_展会动态-去展网
b944b9f,DICR Comfort 105切丁机-上海台乙机械设备有限公司
b9578b6,博世气压传感器的原理和应用 - 电子发烧友在线研讨会
b9a587a,o-50-1真实现货 OPA2725AIDR,OPA2356AIDR,OP490,OPA2131P- 买卖IC网
b9bf696,会员注册
ba4c353,买卖IC网 - 人气最旺的IC交易网
ba6685a,24小时内技术资料更新列表_智能制造网（百站）
ba9cbdc,谐波表相关参数_适用环境_安装-维库电子通
badd166,显示器专栏-液晶显示器,CRT显示器,电脑显示器,3D显示器-供应-CK365测控网
baf69bb,创建您的华强PCB账号 - 华强PCB后台
bb81795,流量仪表专栏-流量计、流量仪表-供应-CK365测控网
bb9380b,测试测量技术 - 中国电子技术论坛  - 广受欢迎的专业电子论坛!
bba9f14,食品机械设备网-食品加工机械设备行业B2B平台和网络媒体！
bc1610c,电气工程师网 - 帮助电气自动化工程师专业成长 - 土木在线
bc60a9e,研祥工控机,华北工控机福建代理商,福建省华北工控代理商,工业平板电脑价格,研祥ipc-810,研祥ipc-820-厦门网讯通科技有限公司
bcc0ea0,有功功率变送器符合标准_技术参数_安装方式-维库电子通
bcf490d,n-21-1真实现货 NR-SD-24V,NG80386SX-20,NE5534AN,N700054BFSB000- 买卖IC网
bd85cdb,凸版印刷机分类_凸版印刷原理_凸版印刷工艺-维库电子通
bda77da,IC交易网_IC采购网站_IC芯片买卖商机_IC价格_IC厂家_维库电子市场网
bdbe7e2,YKHMI 中达优控7寸一体机兼容台达ES2,三菱PLC一体机触摸屏,替代三菱国产公元SLJD系列PLC-深圳市公元科技有限公司
bdc0526,w-21-1真实现货 W9901IF,W9920IF,W9926QF,W9928AF- 买卖IC网
bdccc89,中国铁合金在线 铁合金行业的专业门户网站
bdf925b,是德科技感恩月有奖活动-电子发烧友网
be11d76,IC_IC芯片_IC采购-IC交易网
be74b27,智能制造网-机器人_物联网_智能制造_工业4.0"互联网+"服务平台
beded4c,LED遥控灯前言_特性_遥控分析-维库电子通
beedf60,触想工业一体机：工厂看板应用解决方案，让产线智能管理“细节化”！_智能制造网
bfa9e0f,d-21-1真实现货 DSEP2X31-04A,DSEP2X31-03A,DSEP2X31-06A,DSEI2X30-04C- 买卖IC网
c002160,北京迈森工业交换机在油库中的应用案例_智能制造网
c014628,led微波吸顶灯优点_使用范围-维库电子通
c024f98,LED导轨射灯技术参数_射灯特点_优点-维库电子通
c0348a9,智能报警专栏-智能报警器,安检报警,防盗报警器,红外报警器-供应-CK365测控网
c049ed8,信号发生器专栏-函数信号发生器,电视信号发生器,低频信号发生器,音频信号发生器,数字信号发生器-供应-CK365测控网
c05d0f1,SCARA新品异同对比 | 测评_SCARA,智能制造及工业4.0-智能制造网
c06250f,IC数字w1 pdf下载目录第1页 - 买卖IC网
c135b98,汽车电子技术论坛 - 中国电子技术论坛  - 广受欢迎的专业电子论坛!
c16aeb2,电缆网-全球电线电缆行业门户网站
c2757fd,404错误
c288f4c,自动化技术、智能控制技术栏目-智能制造网
c29b04d,EETOP-创芯网
c2b5aaf,思路网siilu.com-为您推荐专业的电商服务及电子商务外包服务商-亿邦动力旗下电子商务服务平台
c2fe3bb,防爆LED泛光灯基本特性_使用场所_安装类别-维库电子通
c368c2c,资讯更新列表_CK365测控网 测控技术,仪器仪表,数据采集,数据采集卡-CK365测控网
c3c28e5,磁力计简介-维库电子通
c3de83f,光电遥测专栏-激光测速仪,激光夜视仪,激光跟踪仪-供应-CK365测控网
c428979,微信小程序，抢占9亿流量红利
c4a791e,IC数字q1 pdf下载目录第1页 - 买卖IC网
c526e74,Microchip(微芯科技)品牌的SRAM静态随机存储器-华秋商城
c55ac4c,气体检漏仪专栏-气体检漏仪,sf6气体检漏仪,真空检漏仪,便携式检漏仪-供应-CK365测控网
c56efc6,德普瑞工业品商城-进口MRO工业品特卖网站,一站式进口MRO工业品采购平台！
c5a9e84,中国电气网_电气设备供求平台-黄页88
c5f99b5,p-21-1真实现货 PN133T,PNPA-NAD,PNX1300EH- 买卖IC网
c617d42,综合测试仪专栏-互感器综合测试仪,无线电综合测试仪,安规综合测试仪-供应-CK365测控网
c65c8cb,北京中科泛华测控技术有限公司-CK365测控网
c70e2e1,宇电AI 仪表与变频器的综合应用_智能制造网
c7cc942,全球阀门网-阀门采购,阀门销售的专业交易平台
c840279,MOONS'(鸣志)品牌的电机配件-华秋商城
c843fe3,网络型温湿度变送器网络型温湿度-维库电子通
c8d37e6,旋转开关，旋转开关工厂制造商，旋转开关贸易公司，出口商
c8e6d25,关于本站-电子发烧友网
c8f759f,LED线条灯结构特点_材料与特性_色彩效果-维库电子通
c92b6af,51单片机教程网-版权
c95d687,高压脉冲变压器概念_特点_用途-维库电子通
c99b173,智慧政务大厅迎宾接待服务讲解机器人_智能制造网
cae2da4,工控人家园 工控论坛
cb7fe97,f-21-1真实现货 FM1233ACSX,FTT-10A,F8680- 买卖IC网
cb933ab,唯样商城_电子元器件采购网上商城_电子元器件目录授权分销商
cc0c890,中国自动化网-工业互联与智能制造 产业链“互联网+”服务平台
cc4040a,诊断/测控系统专栏-自动测试系统,在线监测系统,诊断检测系统,测试仪器-供应-CK365测控网
cda7ca1,并网逆变器简介_典型的运作方式_技术-维库电子通
cdc0832,锌锰充电电池电池特点_即买即用_重复使用-维库电子通
cdd3128,中国安防网_安防产品报价_监控系统设备_安防行业领先的门户网站
ce1763e,PCB定制_深圳PCB打样_深圳华秋电子有限公司
ce32bb5,MODBUS采集模块型号|价格-北京阿尔泰科技发展有限公司
ce8bdda,智能制造专题，企业专题，新闻专题—智能制造网
ce98215,免费开发板申请试用 - 中国电子技术论坛  - 广受欢迎的专业电子论坛!
cf43cc4,【B2B电子商务网站|免费发布信息平台】_华企黄页网
cf632be,AP20——工业以太网位置指示器提供灵活的网络整合方式_企业资讯_CK365测控网
cfd1312,无人机网,无人机价格,无人机品牌|公司-智能制造无人机网
d05fbe9,pcb打样_pcb多层板_高端HDI快板制造-华秋高多层快板厂(原华强PCB)
d081770,DW多层带式干燥机-常州亿善干燥设备有限公司
d08e35f,s-21-1真实现货 SDA2083-A523,SDA2131,SDA2231-5,SDA2506-5- 买卖IC网
d092d05,电力-北极星电力网-电力门户网站
d093e4a,活动会议 -  中国电子技术论坛 -  最好最受欢迎电子论坛!
d0b48a5,百方网-百方电气网,电工电气行业专业的B2B电子商务平台
d16032c,西安精准测控有限公司-CK365测控网
d1e3302,分裂变压器简介_参数和等值电路_特点-维库电子通
d2097fa,403 Forbidden
d2408ec,IC数字h1 pdf下载目录第1页 - 买卖IC网
d2a339b,版权声明-维库电子市场
d351d87,电子工程世界-创新电子设计之原-中国专业的电子工程门户
d3bea76,全国互联网安全管理服务平台
d3daf6c,助力企业数字化升级，CSIC2019第四届SaaS大会圆满落幕!_SaaS,智能制造及工业4.0-智能制造网
d3dca6d,t-21-1真实现货 TPS62040DGQ,TPS62040DRCRG4,TPS62046DRCRG4,TPS62050DGS- 买卖IC网
d495ecb,徐州华峰测控技术有限公司-CK365测控网
d4d1d3d,单相交流电流变送器简介_技术参数_安装规范-维库电子通
d4eb42f,嵌入式主板专栏-嵌入式主板-供应-CK365测控网
d57a1e0,热门IC型号索引L,第1页-买卖IC网
d582a52,机械传动网,机械传动轴,机机传动机构,机械传动系统-智能制造机械传动网
d5af331,一体式投入式液位变送器原理_参数-维库电子通
d615441,华强电子网-IC/电子元器件材料采购交易平台 Hqew.com
d680567,v-50-1真实现货 VN5E025AJTR,VL53L0CXV0DH/1,VBUS054B-HSF-GS08,V23826-K305-C63-A1- 买卖IC网
d68fe24,温湿度记录变送器简介_测量方法-维库电子通
d705cbd,a-20-1真实现货 AD9238BSTZRL-65- 买卖IC网
d74a95b,风道式温湿度变送器介绍_特点_参数-维库电子通
d79fc37,元器件交易网-IC交易网-电子元器件交易实体市场，提供全程保障
d7b32f8,电子基础-单片机教程网
d80fd56,全新 InfiniiVision 1000 X 系列示波器_企业资讯_CK365测控网
d864320,e-50-1真实现货 E09A7218A,EC-772,ETA9635E8A,EP20K160EBC356-1X- 买卖IC网
d929f97,深圳装修问答_装修问题解决平台-深圳装修网
d9cb36d,电子发烧友论坛 - 中国电子技术论坛 - 中国电子技术论坛  - 广受欢迎的专业电子论坛!
d9d0311,自动化公司、机器人公司、3D打印公司-智能制造网
d9de2b6,智能制造2025_智能制造系统_智能制造装备商城-智能制造网
d9ff180,水压变送器工作原理_产品特性_技术参数-维库电子通
da71f87,来宝网:实验室仪器,科学仪器,仪器仪表,分析仪器,检验仪器,仪器信息
da745de,IC数字o1 pdf下载目录第1页 - 买卖IC网
dafd785,测绘仪器-建筑/工程测量-供应-CK365测控网
db07a55,所有工控产品_产品库_智能制造网
db3f769,机器人报价|规格|品牌|公司_智能制造网
db44101,触觉传感器介绍_应用_分类-维库电子通
db4bdaa,CK365中国测控网-测控技术与仪器仪表、数据采集领域专业交流平台！
db824b9,电子元器件采购网平台_华强集团旗下电子元器件采购网上商城【华秋商城HQchip】
db8a7c0,测控技术与仪器仪表资讯中心_CK365测控网
dbfd3f9,404 - 找不到文件或目录。
dc0c12a,FZG/YZG方形、圆形静态真空干燥机-常州亿善干燥设备有限公司
dc42011,MK9A160AP _求购信息_智能制造网
dc428ed,1pF容值的0603(1608公制)封装/外壳的通用贴片电容（MLCC）-华秋商城
dcb1832,负序电压继电器工作原理_技术参数-维库电子通
dd425b5,无损探伤/检测专栏-检测仪,无损探伤检测仪,无损探伤,无损探伤设备,无损探伤设备,表面检测与分析,渗透检验仪-供应-CK365测控网
dd464d4,华秋商城-深圳专业SMT贴片加工厂、PCBA加工厂家
dd67676,2020德国杜塞尔多夫医疗设备展览会MEDICA时间-地点-门票-行程-去展网
de18c75,液晶拼接屏_液晶拼接屏价格_品牌_厂家_批发-中国安防网
de525fc,油浸式高压试验变压器结构_主要用途_主要特点-维库电子通
de5f7b0,温湿度仪专栏-温湿度仪,温湿度记录仪,温湿度检测仪,温湿度测量仪,无线温湿度记录仪,手持式温湿度仪,便携式温湿度仪,温湿度控制仪-供应-CK365测控网
dea7f2d,气体流量变送器简介_用途_操作方法-维库电子通
df10d06,土猫网-五金工具、手动工具、电动工具、一站式阳光采购平台-土猫网-工具专家-土猫网-工具专家
e01429b,博创“智慧工厂”——产业格局重塑带来的发展新契机_智能装备,智能制造及工业4.0-智能制造网
e04e4db,机电式继电器定义_工作原理和特性_主要产品技术参数-维库电子通
e15b096,网站地图-CK365测控网
e198edb,OFweek维科网 - 高科技行业综合门户
e28d081,PCB联盟网-受欢迎的电子论坛|PCB培训|pcb视频培训|pcb软件|pcb设计|PCB设计论坛 -  Powered by Discuz!
e2ca566,友情链接-CK365测控网
e2caf78,气体/环境测控专栏-气体测控,环境测控-供应-CK365测控网
e2d067f,LabView论坛，最热门的labview学习、交流论坛 - 中国电子技术论坛  - 广受欢迎的专业电子论坛!
e3135c1,OFweek工控网-工业自动化及互联网+智能制造领域资讯传媒
e3f1788,测控软件下载 免费软件下载 教程下载 驱动下载 资料下载-中国测控网下载中心
e406769,g-50-1真实现货 GTTS6121A,GA1F4M-T1,GMC6512-15,GLT7256M08-15T- 买卖IC网
e40cb07,触摸屏与OLED网- 电容式触摸屏电阻触摸屏多点触摸屏软件触摸屏价格报价
e425fb6,电子电路图,电子技术资料网站 - 中国电子工程师喜欢的电子发烧友网
e6233ae,制造材料报价|规格|品牌|公司_智能制造网
e6b69c1,绿光激光器绿光激光的产生方法_绿光激光的应用_用途-维库电子通
e70572c,光交叉波分复用器名词解释_技术实现方法_性能指标分析-维库电子通
e717a38,第十九届中国全电展展况如何？这份报告为您解答！_配电,电力电工,智能制造及工业4.0-智能制造网
e7ec81d,EETOP-创芯网
e9aee89,物联网_工业物联网_农业物联网_物联网工程技术服务平台-兴旺宝物联网
ea8e7a9,显控仪表专栏-温控仪表,测控仪表,工控仪表-供应-CK365测控网
ea9967f,厂商更新列表_CK365测控网 测控技术,仪器仪表,数据采集,数据采集卡-CK365测控网
eab3e04,培训_CK365测控网
eb7a083,LED日光灯灯管发光原理_发光效率_电气特性-维库电子通
eb8b52f,中国智能制造2025，工业4.0行业市场分析动态频道-智能制造网
ec44de6,红外线发射接收管基本简介_原理介绍_产品应用-维库电子通
ec56a2a,仪器仪表交易网-仪表网、分析仪、化工设备、仪器配件
ec56d63,运动控制专栏-运动控制卡,运动控制系统,运动控制器-供应-CK365测控网
ec56df2,OMRON编码器工作原理_信号输出-维库电子通
ed064b9,f-50-1真实现货 FDS4141,FT7522L6X,FM25H20-G,FAN301U- 买卖IC网
ed7a72a,仪器仪表报价|规格|品牌|公司_智能制造网
ee37efb,RFID世界网新闻频道,最权威的RFID行业新闻资讯,中国最大RFID行业门户
ef46322,劳保用品批发采购一站式服务 - 铤和劳保网
f043cbb,单片机教程网联系方式
f0992d8,精密/无损检测专栏-无损检测,无损检测仪器,检测仪器,精密检测-供应-CK365测控网
f0c4ea9,LED幻彩控制器概述_性能指标_特点-维库电子通
f0d0e23,物联/传感技术专栏-光电传感器,温度传感器,压力传感器,智能卡-供应-CK365测控网
f0d1da4,7-50-1真实现货 74VHC08MTCX,78D09,776164-1,7N264-S085- 买卖IC网
f10448e,兴旺宝在线交流工具
f10de7f,安防品牌_中国安防知名品牌榜_华强安防网
f186def,IC数字i1 pdf下载目录第1页 - 买卖IC网
f1a9a30,IC数字a1 pdf下载目录第1页 - 买卖IC网
f1b1e29,DCS网,DCS系统,DCS软件,DCS控制系统-中国智能制造DCS网
f1d7471,放电器简介_定义_特点-维库电子通
f204d6e,LED智能吸顶灯产品简介_核心功能-维库电子通
f222a59,大功率LED泛光灯定义_材料_节能-维库电子通
f279673,对地电容电流及电容_谐波阻抗应用_矿井测量方法-维库电子通
f281eea,华强智慧网
f2825f8,热电阻型温度变送器简介_技术参数_选型-维库电子通
f2af4fd,中国智能制造2025，工业4.0行业智造快讯动态频道-智能制造网
f2cc9b8,吸光度测量解决方案 | 量子荧光|微型光纤光谱仪-水质在线监测|光谱检测-手持显微拉曼-海洋光学官方网站 Ocean Optics
f32449b,超高速绞线机名片_用途_技术特点-维库电子通
f34098f,防水LED灯条定义_软光条分类_安装方法-维库电子通
f3765df,3D打印_3D打印机_3D打印材料_3D打印设备_3D打印技术服务平台-兴旺宝3D打印网
f38a736,如何应对防爆电机转速下降_智能制造网
f43cc47,漩涡气泵吸力压力不足的原因_智能制造网
f52771f,21IC中国电子网 - 中国电子工程师的首选网站
f553f7e,单晶硅压力变送器工作原理_故障检查_现场故障检查-维库电子通
f59b9a2,帮助中心_智能制造网
f5b95cf,违法和不良信息举报中心
f614862,插入式液位变送器产品描述_特点_技术指标-维库电子通
f66611e,PC/嵌入式系统专栏-嵌入式系统,PC工程-供应-CK365测控网
f67887b,Honeywell品牌的位置传感器-华秋商城
f749726,全球半导体观察丨DRAMeXchange_闪存、DRAM等半导体市场调研机构
f7d1a16,氨气浓度检测仪仪器特点_技术参数-维库电子通
f7fcc0c,c-50-1真实现货 CC2591RGVR,CEM6601,CX86500-25,CXP87852-047Q- 买卖IC网
f8a5aeb,中国LED网—LED行业门户、LED电子商务平台
f8d95ba,锂离子动力电池简介_特点_结构-维库电子通
f8e3afb,SCADA/RTU专栏-RTU，SCADA系统-供应-中国测控网
f90ed00,技成培训网_中国专业的自动化培训机构_PLC编程培训_电工培训
fa31003,IC数字z1 pdf下载目录第1页 - 买卖IC网
fa46358,视频监控器软件信息_软件介绍-维库电子通
fab708f,企业资讯更新列表_CK365测控网 测控技术,仪器仪表,数据采集,数据采集卡-CK365测控网
faec36b,数采/虚拟仪器专栏-labview,数据采集,虚拟仪器-供应-CK365测控网
fb2c08f,铅酸动力蓄电池构造_应用领域_工作原理及维护-维库电子通
fb7a0f9,铅炭电池原理_结构_研究历程-维库电子通
fbf1791,功放变压器定义_分类_等级-维库电子通
fc4cfff,环保监测采样器专栏-环保监测采样器-供应-CK365测控网
fc7b334,CK365中国测控网-测控技术与仪器仪表、数据采集领域专业交流平台！
fc86cee,LED高压灯条简介_参数特征_安装方法-维库电子通
fd113d1,y-21-1真实现货 Y3014B,YDS-305,YM6612F,YM777437F-POL- 买卖IC网
fd141dd,IC数字s1 pdf下载目录第1页 - 买卖IC网
fd3b745,LED贴片模组定义_安装说明事项-维库电子通
fd3d447,华秋商城(原"华强芯城")官网_电子元器件采购网_自营现货电子元器件商城-一站式电子元器件商城
fda3144,测控论文 自动化论文 仪器仪表论文 工业控制论文CK365测控网
fdb183b,最全的汽车配件网站_汽车配件大全_汽车零部件_帮手汽配网
fe083bd,IC数字c1 pdf下载目录第1页 - 买卖IC网
feb187d,物联器件专栏-条码识别,智能卡,读写设备,RFID器件-供应-CK365测控网
fecd4b3,可调电阻电容名片_可调电容器的分类与区别_可调电容器的主要参数-维库电子通
ff41311,大众迪斯：特斯拉确实在软件和自动驾驶方面有优势_自动驾驶系统,自动驾驶汽车,智能制造及工业4.0-智能制造网
ff8c642,q-21-1真实现货 Q13MC3060000914,Q2004D3,Q2004D4,Q2004F31- 买卖IC网
ffba7c4,Bom配单_IC现货bom配单_上传电子元器件bom表配单平台_维库电子市场网
ffecde1,光数字接收机工作原理_使用光接收机的注意事项-维库电子通
