e425fb6,www.elecfans.com,1
39997ef,it.sohu.com,1
a18b26c,bbs.elecfans.com,1
63c26ea,www.huaqiu.cn,1
12d8709,home.elecfans.com,1
375e89f,www.miibeian.gov.cn,1
d05fbe9,www.hqpcb.com,1
fd3d447,www.hqchip.com,1
cdd3128,www.hqps.com,1
2b58f56,www.51hei.com,1
a0b322e,wiki.dzsc.com,1
47a5c01,www.chinabidding.cn,1
e7ec81d,www.eetop.cn,1
ba4c353,www.mmic.net.cn,1
95dac43,www.gkzhan.com,1
fc7b334,www.ck365.cn,1
77a6476,www.ccen.net,1
70a3328,www.qufair.com,1
f8a5aeb,www.cnledw.com,1
38419bf,www.cecport.com,1
7db344e,www.eechina.com,1
b1d474b,www.dziuu.com,1
c2b5aaf,www.siilu.com,1
01bc148,sell.d17.cc,1
44a489e,www.ic37.com,1
c5a9e84,dianqi.huangye88.com,1
48355e0,www.51dzw.com,1
df10d06,www.toolmall.com,1
f749726,www.dramx.com,1
91747a6,www.csc86.com,1
e28d081,www.pcbbar.com,1
776b568,www.cn5135.com,1
dd464d4,smt.hqchip.com,1
0efe03e,www.gongkong.com,1
a972b7f,www.taoic.com,1
f281eea,m.hqps.com,1
68db959,www.bkwhois.com,1
b4923e3,b2b.hqps.com,1
01e8d3f,project.hqps.com,1
f10de7f,brand.hqps.com,1
3b83c07,buy.hqps.com,1
635e076,www.dzsc.com,1
8f426d9,data.dzsc.com,1
02e1614,top.dzsc.com,1
5e8093d,xianhuo.dzsc.com,1
e3135c1,gongkong.ofweek.com,1
aa6dbd5,www.sonhoo.com,1
fdb183b,www.bsqipei.com,1
5d8e7b1,jiage.molbase.cn,1
115e20b,pdf.dzsc.com,1
bda77da,ic.dzsc.com,1
d929f97,sz.17house.com,1
71e4289,m.chinabidding.cn,1
2319d1f,bbs.eetop.cn,1
59d4a36,blog.eetop.cn,1
942bd00,edu.eetop.cn,1
d705cbd,true.mmic.net.cn,1
3777d4e,shop.mmic.net.cn,1
bc1610c,dq.co188.com,1
114d5e9,www.app17.com,1
9a45376,www.qieta.com,0
c16aeb2,www.cableabc.com,1
2eb3034,www.chinasmartgrid.com.cn,1
58344e1,www.instrumentsinfo.com,1
943d339,www.oemresource.com,1
33d3846,ee.ofweek.com,1
cf43cc4,www.88152.com,1
7777177,www.bf35.com,1
0d2b9af,www.bzjw.com,1
17a3028,www.battery.com.cn,1
8daed80,www.ledinside.cn,1
69ff1b6,www.ometal.com,1
969ae85,product.11467.com,1
d0b48a5,www.byf.com,1
c7cc942,www.famens.com,1
2d2c961,www.eccn.com,1
4805f64,xys.gkzhan.com,1
2bba3b4,www.qiugouxinxi.net,1
39e77b7,www.cdgtw.net,1
65dd493,www.eastsoo.com,1
8c7e29b,www.hi1718.com,1
f90ed00,www.jcpeixun.com,1
30087d5,www.ttic.cc,1
ef46322,www.dehsm.com,1
7b10049,www.showguide.cn,1
be11d76,www.114ic.com,1
9d90432,www.dfrobot.com.cn,1
a022a3c,www.nengyuanjie.net,1
cb933ab,www.oneyac.com,1
2e30a6b,www.homedo.com,1
6a79728,www.chemsrc.com,1
8a48b91,www.vipmro.com,1
05b36bd,gongying.99114.com,1
c56efc6,www.deppre.cn,1
10b21e1,www.epjob88.com,1
7bd04a4,www.chinacrane.net,1
0a49676,www.chemcp.com,1
32967ee,www.c-c.com,1
4886053,www.ynshangji.com,1
5c983d7,cn.trustexporter.com,1
959794a,guangfu.bjx.com.cn,1
bdccc89,www.cnfeol.com,1
e40cb07,www.51touch.com,1
af0d535,www.wanguan.com,1
ee37efb,www.rfidworld.com.cn,1
7222504,www.dianyuan.com,1
4d5c586,www.jc35.com,1
6a18444,www.china-nengyuan.com,1
d615441,www.hqew.com,1
ec56a2a,www.testmart.cn,1
e198edb,www.ofweek.com,1
bba9f14,www.foodjx.com,1
0c06491,www.hbzhan.com,1
340695a,rjjm.gkzhan.com,1
8e63dda,rfid.gkzhan.com,1
972c3e3,dianyuan.gkzhan.com,1
8cf91d1,plc.gkzhan.com,1
af2b2bb,xczx.gkzhan.com,1
6741038,bianpinqi.gkzhan.com,1
7633191,chuanganqi.gkzhan.com,1
2f36ced,dianji.gkzhan.com,1
8194397,gongkongji.gkzhan.com,1
f1b1e29,dcs.gkzhan.com,1
3c8733a,yitaiwang.gkzhan.com,1
cfd1312,wurenji.gkzhan.com,1
946573b,scada.gkzhan.com,1
57aa163,qrsxt.gkzhan.com,1
084b671,jqsj.gkzhan.com,1
d582a52,jxcd.gkzhan.com,1
625a6f7,gyrj.gkzhan.com,1
3f4f825,ydkz.gkzhan.com,1
6e2c63b,hd.ck365.cn,1
db4bdaa,bbs.ck365.cn,1
d2097fa,mil.chinanews.com,1
23b9fb6,www.cena.com.cn,1
1b171e3,www.c114.com.cn,1
f52771f,www.21ic.com,1
1697fa5,www.chem17.com,1
4f31bf4,www.eefocus.com,1
d79fc37,www.cecb2b.com,1
d092d05,www.bjx.com.cn,1
a12c978,www.gkong.com,1
cc0c890,www.ca800.com,1
0580e97,www.ybzhan.cn,1
5ca1e44,www.afzhan.com,1
9228bcb,www.gtobal.com,1
da71f87,www.labbase.net,1
396b96f,www.ebrun.com,1
d351d87,www.eeworld.com.cn,1
181e778,www.ezist.cn,1
89e723b,www.auto-made.com,1
cae2da4,www.ymmfa.com/index.php,0
f5b95cf,net.china.com.cn/index.htm,0
5e0d7bf,www.sohu.com?strategyid=24,0
c29b04d,www.eetop.cn/index.php?m=content&c=index&a=lists&catid=161,0
d093e4a,bbs.elecfans.com/zhuti_1218_1.html,0
94cac14,t.elecfans.com/live,0
ce98215,bbs.elecfans.com/try.html,0
793e549,bbs.elecfans.com/jishu_1931925_1_1.html,0
63ba985,bbs.elecfans.com/m,0
86284fc,bbs.elecfans.com/archiver,0
948eb67,www.elecfans.com/kf,0
5bc9e98,www.elecfans.com/app,0
484181f,www.elecfans.com/sitemap.html,0
c8e6d25,www.elecfans.com/about,0
46db73a,szcert.ebs.org.cn/c6db625a-ba09-414a-bba4-f57240baac9c,0
87453ae,bbs.elecfans.com/zhuti_emb_1.html,0
bb9380b,bbs.elecfans.com/zhuti_celiang_1.html,0
b912126,bbs.elecfans.com/zhuti_wireless_1.html,0
0a1367c,bbs.elecfans.com/zhuti_control_1.html,0
3e08afb,bbs.elecfans.com/zhuti_power_1.html,0
8616d2b,bbs.elecfans.com/zhuti_DSP_1.html,0
778b58f,bbs.elecfans.com/zhuti_proteus_1.html,0
c135b98,bbs.elecfans.com/zhuti_car_1.html,0
3f34606,bbs.elecfans.com/zhuti_arm_1.html,0
e2d067f,bbs.elecfans.com/zhuti_labview_1.html,0
84d0b83,bbs.elecfans.com/zhuti_tel_1.html,0
052b557,bbs.elecfans.com/zhuti_mcu_1.html,0
a5a7db2,www.jia.com/product,0
a9c5e60,www.xianjichina.com/news,0
a8987aa,ibs.hqps.com/register.html,0
1ae1bc9,ibs.hqps.com/login.html,0
5775948,buy.hqps.com/BuyAdd.html,0
209fba8,www.hqps.com/UpdateTime.html,0
3956ba5,www.51hei.com/mcuteach,0
5c8c5b7,www.51hei.com/mcu,0
92fe5c2,www.51hei.com/chip,0
d7b32f8,www.51hei.com/dianzi,0
a150fb9,www.51hei.com/mcudown,0
8f56e8d,www.51hei.com/about.htm,0
f043cbb,www.51hei.com/lianxi.htm,0
c92b6af,www.51hei.com/copy.htm,0
566432c,www.51hei.com/sitemap.htm,0
64a2eb2,wiki.dzsc.com/15166.html,0
71452c2,wiki.dzsc.com/15165.html,0
db44101,wiki.dzsc.com/15164.html,0
2486ce1,wiki.dzsc.com/15163.html,0
486cc1d,wiki.dzsc.com/15162.html,0
f279673,wiki.dzsc.com/15161.html,0
16e254c,wiki.dzsc.com/15160.html,0
3bb852e,wiki.dzsc.com/15159.html,0
9020ae6,wiki.dzsc.com/15158.html,0
4793ca4,wiki.dzsc.com/15157.html,0
e6b69c1,wiki.dzsc.com/15156.html,0
725a301,wiki.dzsc.com/15155.html,0
b54e555,wiki.dzsc.com/15154.html,0
52376c0,wiki.dzsc.com/15153.html,0
0a69da3,wiki.dzsc.com/15152.html,0
67a1202,wiki.dzsc.com/15151.html,0
2090b46,wiki.dzsc.com/15150.html,0
230b7d3,wiki.dzsc.com/15149.html,0
f0c4ea9,wiki.dzsc.com/15148.html,0
6d10aad,wiki.dzsc.com/15147.html,0
9ebb498,wiki.dzsc.com/15146.html,0
ec56df2,wiki.dzsc.com/15145.html,0
b5f86b1,wiki.dzsc.com/15144.html,0
9aba52d,wiki.dzsc.com/15143.html,0
0809967,wiki.dzsc.com/15142.html,0
a184972,wiki.dzsc.com/15141.html,0
655d826,wiki.dzsc.com/15140.html,0
7c77e43,wiki.dzsc.com/15139.html,0
07b3268,wiki.dzsc.com/15138.html,0
c2fe3bb,wiki.dzsc.com/15137.html,0
35a36d8,wiki.dzsc.com/15136.html,0
f222a59,wiki.dzsc.com/15135.html,0
88da60f,wiki.dzsc.com/15134.html,0
4bbfe43,wiki.dzsc.com/15133.html,0
fc86cee,wiki.dzsc.com/15132.html,0
6f4fd9a,wiki.dzsc.com/15131.html,0
f34098f,wiki.dzsc.com/15130.html,0
3645f9d,wiki.dzsc.com/15129.html,0
c8f759f,wiki.dzsc.com/15128.html,0
37a5ced,wiki.dzsc.com/15127.html,0
c024f98,wiki.dzsc.com/15126.html,0
8d7fcbe,wiki.dzsc.com/15125.html,0
71fbad3,wiki.dzsc.com/15124.html,0
f204d6e,wiki.dzsc.com/15123.html,0
c014628,wiki.dzsc.com/15122.html,0
eb7a083,wiki.dzsc.com/15121.html,0
9957926,wiki.dzsc.com/15120.html,0
1303dab,wiki.dzsc.com/15119.html,0
beded4c,wiki.dzsc.com/15118.html,0
746b621,wiki.dzsc.com/15117.html,0
fd3b745,wiki.dzsc.com/15116.html,0
e70572c,wiki.dzsc.com/15115.html,0
6c22c71,wiki.dzsc.com/15114.html,0
291978f,wiki.dzsc.com/15113.html,0
9fe133a,wiki.dzsc.com/15112.html,0
20e1fc7,wiki.dzsc.com/15111.html,0
a05bd14,wiki.dzsc.com/15110.html,0
409bafb,wiki.dzsc.com/15109.html,0
18ac978,wiki.dzsc.com/15108.html,0
131d2a6,wiki.dzsc.com/15107.html,0
734c480,wiki.dzsc.com/15106.html,0
11d1a71,wiki.dzsc.com/15105.html,0
1062173,wiki.dzsc.com/15104.html,0
1c2309c,wiki.dzsc.com/15103.html,0
289ef53,wiki.dzsc.com/15102.html,0
a989e05,wiki.dzsc.com/15101.html,0
35cb239,wiki.dzsc.com/15100.html,0
5d94686,wiki.dzsc.com/15099.html,0
63ecbe2,wiki.dzsc.com/15098.html,0
ffecde1,wiki.dzsc.com/15097.html,0
ec44de6,wiki.dzsc.com/15096.html,0
697d9de,wiki.dzsc.com/15095.html,0
39c29a0,wiki.dzsc.com/15094.html,0
3150b01,wiki.dzsc.com/15093.html,0
aaf1bcc,wiki.dzsc.com/15092.html,0
52bf73f,wiki.dzsc.com/15091.html,0
82aca71,wiki.dzsc.com/15090.html,0
1215a57,wiki.dzsc.com/15089.html,0
11114ad,wiki.dzsc.com/15088.html,0
ae79087,wiki.dzsc.com/15087.html,0
e04e4db,wiki.dzsc.com/15086.html,0
ad236c1,wiki.dzsc.com/15085.html,0
dcb1832,wiki.dzsc.com/15084.html,0
857dad8,wiki.dzsc.com/15083.html,0
9d61dc1,wiki.dzsc.com/15082.html,0
4922f39,wiki.dzsc.com/15081.html,0
0759fa8,wiki.dzsc.com/15080.html,0
d74a95b,wiki.dzsc.com/15079.html,0
18fc3cd,wiki.dzsc.com/15078.html,0
b3f9c26,wiki.dzsc.com/15077.html,0
84449e5,wiki.dzsc.com/15076.html,0
c843fe3,wiki.dzsc.com/15075.html,0
d68fe24,wiki.dzsc.com/15074.html,0
f2825f8,wiki.dzsc.com/15073.html,0
129390d,wiki.dzsc.com/15072.html,0
2a9d380,wiki.dzsc.com/15071.html,0
639d707,wiki.dzsc.com/15070.html,0
8cb7ce9,wiki.dzsc.com/15069.html,0
d9ff180,wiki.dzsc.com/15068.html,0
b6f9bf2,wiki.dzsc.com/15067.html,0
44574ea,wiki.dzsc.com/15066.html,0
90c03fa,wiki.dzsc.com/15065.html,0
19323e2,wiki.dzsc.com/15064.html,0
f614862,wiki.dzsc.com/15063.html,0
d5af331,wiki.dzsc.com/15062.html,0
b06cb8c,wiki.dzsc.com/15061.html,0
f553f7e,wiki.dzsc.com/15060.html,0
52cfbbf,wiki.dzsc.com/15059.html,0
bcc0ea0,wiki.dzsc.com/15058.html,0
64cad82,wiki.dzsc.com/15057.html,0
31e4ec3,wiki.dzsc.com/15056.html,0
97f9fdb,wiki.dzsc.com/15055.html,0
1d3f069,wiki.dzsc.com/15054.html,0
17f030a,wiki.dzsc.com/15053.html,0
200ade7,wiki.dzsc.com/15052.html,0
dea7f2d,wiki.dzsc.com/15051.html,0
08ebb38,wiki.dzsc.com/15050.html,0
d4d1d3d,wiki.dzsc.com/15049.html,0
15070b4,wiki.dzsc.com/15048.html,0
537bc34,wiki.dzsc.com/15047.html,0
613294e,wiki.dzsc.com/15046.html,0
fbf1791,wiki.dzsc.com/15045.html,0
12b7259,wiki.dzsc.com/15044.html,0
05dc1a2,wiki.dzsc.com/15043.html,0
4b380c8,wiki.dzsc.com/15042.html,0
d1e3302,wiki.dzsc.com/15041.html,0
56f28f2,wiki.dzsc.com/15040.html,0
cda7ca1,wiki.dzsc.com/15039.html,0
10ce415,wiki.dzsc.com/15038.html,0
64db19f,wiki.dzsc.com/15037.html,0
3925ad1,wiki.dzsc.com/15036.html,0
1c41f41,wiki.dzsc.com/15035.html,0
c95d687,wiki.dzsc.com/15034.html,0
7214f64,wiki.dzsc.com/15033.html,0
de525fc,wiki.dzsc.com/15032.html,0
5782d26,wiki.dzsc.com/15031.html,0
fb7a0f9,wiki.dzsc.com/15030.html,0
652cc32,wiki.dzsc.com/15029.html,0
3b5622b,wiki.dzsc.com/15028.html,0
6dd4a1a,wiki.dzsc.com/15027.html,0
f8d95ba,wiki.dzsc.com/15026.html,0
18ae5f6,wiki.dzsc.com/15025.html,0
fb2c08f,wiki.dzsc.com/15024.html,0
cdc0832,wiki.dzsc.com/15023.html,0
b873e89,wiki.dzsc.com/15022.html,0
b19bb40,wiki.dzsc.com/15021.html,0
3df1192,wiki.dzsc.com/15020.html,0
b562fcd,wiki.dzsc.com/15019.html,0
8d50d89,wiki.dzsc.com/15018.html,0
a26f298,wiki.dzsc.com/15017.html,0
f1d7471,wiki.dzsc.com/9154.html,0
bd85cdb,wiki.dzsc.com/9097.html,0
01d96e0,wiki.dzsc.com/9096.html,0
ba9cbdc,wiki.dzsc.com/9074.html,0
04ec7f5,wiki.dzsc.com/9072.html,0
f32449b,wiki.dzsc.com/9071.html,0
4be7f51,wiki.dzsc.com/9058.html,0
1f81a34,wiki.dzsc.com/9033.html,0
fecd4b3,wiki.dzsc.com/9032.html,0
b2f64c3,wiki.dzsc.com/9021.html,0
f7d1a16,wiki.dzsc.com/9020.html,0
fa46358,wiki.dzsc.com/9018.html,0
8ec8012,wiki.dzsc.com/9017.html,0
a2bb10b,wiki.dzsc.com/9013.html,0
6c27f88,wiki.dzsc.com/9000.html,0
1cd6e75,wiki.dzsc.com/8999.html,0
c3c28e5,wiki.dzsc.com/8998.html,0
638487c,wiki.dzsc.com/8994.html,0
29ff3c3,wiki.dzsc.com/8992.html,0
489a331,wiki.dzsc.com/8991.html,0
7d45753,wiki.dzsc.com/8987.html,0
7fde7d1,www.glass.cn/glassnews,0
ffba7c4,www.dzsc.com/bom,0
43284dd,www.dzsc.com/A,0
dbfd3f9,www.mmic.net.cn/a,0
1e88f88,www.mmic.net.cn/m,0
3fd2da8,www.mmic.net.cn/1,0
d57a1e0,www.mmic.net.cn/2,0
743cd20,www.mmic.net.cn/3,0
0695095,www.mmic.net.cn/4,0
1f39fca,www.mmic.net.cn/5,0
946dfc1,www.mmic.net.cn/6,0
bc60a9e,www.gkzhan.com/st110171,0
bdbe7e2,www.gkzhan.com/st15672,0
729a8c6,www.gkzhan.com/news,0
44fe24f,www.gkzhan.com/video,0
be74b27,www.gkzhan.com/technology,0
ce8bdda,www.gkzhan.com/topics,0
4196154,www.gkzhan.com/caigou,0
1977f05,www.gkzhan.com/product,0
d9d0311,www.gkzhan.com/company,0
6bf20b1,www.gkzhan.com/job,0
275c6e6,www.gkzhan.com/exhibition,0
d9de2b6,www.gkzhan.com/shop,0
db07a55,www.gkzhan.com/chanpin-0.html,0
ac831c2,www.gkzhan.com/chanpin-3340.html,0
db3f769,www.gkzhan.com/chanpin-3357.html,0
42c5a51,www.gkzhan.com/chanpin-3505.html,0
6355e43,www.gkzhan.com/chanpin-4452.html,0
2da95ed,www.gkzhan.com/chanpin-3921.html,0
ed7a72a,www.gkzhan.com/chanpin-4276.html,0
17269c8,www.gkzhan.com/chanpin-20330.html,0
e6233ae,www.gkzhan.com/chanpin-4371.html,0
f3765df,www.gkzhan.com/3d,0
e9aee89,www.gkzhan.com/wlw,0
c2757fd,www.gkzhan.com/hysl,0
6294e52,www.gkzhan.com/allst.html,0
61cc2a6,www.gkzhan.com/jxproducts.html,0
44053a8,www.mtnets.com/website.html,0
8727634,www.gkzhan.com/link,0
ae4a6e0,www.gkzhan.com/guest.html,0
b9bf696,member.ck365.cn/register.php,0
2574222,member.ck365.cn/login.php,0
0428538,member.ck365.cn/send.php,0
611738e,www.ck365.cn/company,0
db8a7c0,www.ck365.cn/news,0
eab3e04,www.ck365.cn/peixun,0
39852a4,www.ck365.cn/job,0
e3f1788,www.ck365.cn/download,0
fda3144,www.ck365.cn/lunwen,0
6206d0c,www.ck365.cn/anli,0
36d3395,www.ck365.cn/baike,0
38a8ce0,www.ck365.cn/exhibit,0
94dd98f,www.ck365.cn/special,0
77b14c0,www.ck365.cn/zazhi,0
3632e63,www.ck365.cn/labview.html,0
a558081,www.ck365.cn/jczdw,0
7aef1d1,www.ck365.cn/xnyqw,0
5e182ae,cp.ck365.cn/shuziwanyongbiao,0
411f61e,cp.ck365.cn/dianziyingpan,0
8b7b3b1,cp.ck365.cn/bianxieshijiaguji,0
c0348a9,cp.ck365.cn/zhinengbaojing,0
dafd785,cp.ck365.cn/cehuiyiqi,0
304e68c,cp.ck365.cn/drcsy,0
9430d63,cp.ck365.cn/dianzitongxin,0
079be69,cp.ck365.cn/shiboqi,0
3fc4024,cp.ck365.cn/pufxy,0
c049ed8,cp.ck365.cn/xhfsq,0
3de9f91,cp.ck365.cn/pinpufenxiyi,0
42f0259,cp.ck365.cn/luojifenxiyi,0
f0d0e23,cp.ck365.cn/wulianchuangan,0
927d14c,cp.ck365.cn/guangdianqijian,0
1e29ce3,cp.ck365.cn/yalichuanganqi,0
8da4ff5,cp.ck365.cn/biansongqi,0
feb187d,cp.ck365.cn/wulianqijian,0
2c436be,cp.ck365.cn/wenduchuanganqi,0
af57e96,cp.ck365.cn/suduchuanganqi,0
cc4040a,cp.ck365.cn/cekongxitong,0
ec56d63,cp.ck365.cn/yundongkongzhi,0
5664c73,cp.ck365.cn/renjiejiemian,0
7a0a3c1,cp.ck365.cn/jixiechuandong,0
ea8e7a9,cp.ck365.cn/xiankongyibiao,0
a9a5d2f,cp.ck365.cn/wuweiyibiao,0
bb81795,cp.ck365.cn/liuliangyibiao,0
427d2b0,cp.ck365.cn/yaoceyaokong,0
3499bcb,cp.ck365.cn/leidayaoce,0
2291b6f,cp.ck365.cn/dilixinxi,0
4821291,cp.ck365.cn/dingweidaohang,0
2ee0d16,cp.ck365.cn/wuxiancekong,0
c3de83f,cp.ck365.cn/guangdianyaoce,0
f8e3afb,cp.ck365.cn/scada,0
9d62776,www.ck365.cn/buy,0
f0992d8,cp.ck365.cn/wusunjiance,0
dd425b5,cp.ck365.cn/wusuntanshang,0
152a2e3,cp.ck365.cn/yxcly,0
43cd4f1,cp.ck365.cn/sqxcl,0
2492471,cp.ck365.cn/jgccy,0
192a180,cp.ck365.cn/jgtcy,0
7569db0,cp.ck365.cn/jgjzy,0
e2caf78,cp.ck365.cn/huanjingcekong,0
c55ac4c,cp.ck365.cn/qitijianlouyi,0
7c41045,cp.ck365.cn/fenchenyi,0
ab78fe9,cp.ck365.cn/ydyhqtjcy,0
de5f7b0,cp.ck365.cn/wenshiduyi,0
135bb96,cp.ck365.cn/fsfwfly,0
fc4cfff,cp.ck365.cn/hbjccyq,0
faec36b,cp.ck365.cn/shujucaiji,0
09ef9d1,cp.ck365.cn/sjjlq,0
a2abf51,cp.ck365.cn/shujucaijika,0
14e089b,cp.ck365.cn/szio,0
c617d42,cp.ck365.cn/zhcsy,0
01f5bfd,cp.ck365.cn/rfspcs,0
f66611e,cp.ck365.cn/qianrushixitong,0
82feb40,cp.ck365.cn/gongkongji,0
badd166,cp.ck365.cn/xianshiqi,0
d4eb42f,cp.ck365.cn/qianrushizhuban,0
3971576,cp.ck365.cn/qianrushijixiang,0
1d2973b,cp.ck365.cn/qianrushibanka,0
1e64723,cp.ck365.cn/jiagubijiben,0
506d9a8,www.ck365.cn/yinhedianqi2019co,0
d16032c,www.ck365.cn/wxq0308co,0
28d5c98,www.ck365.cn/yudianxclco,0
d495ecb,www.ck365.cn/xzhfckco,0
83d693f,www.ck365.cn/hirainco,0
4b05724,www.ck365.cn/tukeerco,0
2aa88e1,www.ck365.cn/novatel001co,0
3649cd7,www.ck365.cn/mydatairenco,0
591dbdb,www.ck365.cn/hulikongco,0
b40a67e,www.ck365.cn/xwydgsco,0
011b9b3,www.ck365.cn/xbg668co,0
58dac59,www.ck365.cn/cxt123co,0
c65c8cb,www.ck365.cn/pansinoco,0
560e235,www.ck365.cn/lanbo83co,0
3ab4dee,www.ck365.cn/wyj285co,0
631affd,www.ck365.cn/kongchuangco,0
5acccc5,www.ck365.cn/marinaluco,0
8cd945a,www.ck365.cn/wxxzybco,0
5502dc5,www.ck365.cn/zhang00co,0
4bc541b,news.163.com/air,0
e2ca566,www.ck365.cn/link,0
e15b096,www.ck365.cn/sitemap,0
2c6063b,www.ck365.cn/feed,0
8fbb461,www.qufair.com/convention,0
2ec9503,www.qufair.com/route,0
6433954,www.qufair.com/logistics,0
2f85176,www.qufair.com/pavilion,0
b916e60,www.qufair.com/news,0
71fe68f,bbs.elecfans.com/jishu_1928740_1_1.html_trackid=zztj,0
28024b7,www.hqps.com/about/index.html,0
54dcf0a,gys.chinabidding.cn/partner/index.html,0
f59b9a2,www.gkzhan.com/help/index.html,0
3b36eec,webinar.elecfans.com/528.html?elecfans_trackid=textlink9,0
1032658,webinar.elecfans.com/506.html?elecfans_trackid=textlink8,0
9a2400a,bbs.elecfans.com/jishu_1928740_1_1.html?elecfans_trackid=zztj,0
b9578b6,webinar.elecfans.com/527.html?elecfans_trackid=textlink8,0
c428979,xcx.gkzhan.com/?tdsourcetag=s_pcqq_aiomsg,0
551c36a,bbs.elecfans.com/forum.php?mod=guide&view=new,0
d9cb36d,bbs.elecfans.com/forum.php?mod=misc&action=showdarkroom,0
386424d,bbs.elecfans.com/home.php?mod=space&do=friend,0
6747251,www.dzsc.com/member/login.aspx?returnurl=http%3a%2f%2fwiki.dzsc.com%2findex.aspx,0
f1a9a30,pdflist.mmic.net.cn/?id=1&key=a,0
3193487,pdflist.mmic.net.cn/?id=1&key=b,0
fe083bd,pdflist.mmic.net.cn/?id=1&key=c,0
174fdc1,pdflist.mmic.net.cn/?id=1&key=d,0
8bdc7e4,pdflist.mmic.net.cn/?id=1&key=e,0
49bb9ba,pdflist.mmic.net.cn/?id=1&key=f,0
994f266,pdflist.mmic.net.cn/?id=1&key=g,0
d2408ec,pdflist.mmic.net.cn/?id=1&key=h,0
f186def,pdflist.mmic.net.cn/?id=1&key=i,0
9b8c6d4,pdflist.mmic.net.cn/?id=1&key=j,0
5940af2,pdflist.mmic.net.cn/?id=1&key=k,0
5f40887,pdflist.mmic.net.cn/?id=1&key=l,0
9b8070a,pdflist.mmic.net.cn/?id=1&key=m,0
0987ee6,pdflist.mmic.net.cn/?id=1&key=n,0
da745de,pdflist.mmic.net.cn/?id=1&key=o,0
05ba731,pdflist.mmic.net.cn/?id=1&key=p,0
c4a791e,pdflist.mmic.net.cn/?id=1&key=q,0
90df8d9,pdflist.mmic.net.cn/?id=1&key=r,0
fd141dd,pdflist.mmic.net.cn/?id=1&key=s,0
43e2ef1,pdflist.mmic.net.cn/?id=1&key=t,0
9a7d003,pdflist.mmic.net.cn/?id=1&key=u,0
a39be4f,pdflist.mmic.net.cn/?id=1&key=v,0
c06250f,pdflist.mmic.net.cn/?id=1&key=w,0
9e2cb75,pdflist.mmic.net.cn/?id=1&key=x,0
06905ab,pdflist.mmic.net.cn/?id=1&key=y,0
fa31003,pdflist.mmic.net.cn/?id=1&key=z,0
61e5377,pdflist.mmic.net.cn/?id=1&key=0,0
8dca09d,pdflist.mmic.net.cn/?id=1&key=1,0
8da6f62,pdflist.mmic.net.cn/?id=1&key=2,0
92e5016,pdflist.mmic.net.cn/?id=1&key=3,0
7b1d2b5,pdflist.mmic.net.cn/?id=1&key=4,0
1bdb985,pdflist.mmic.net.cn/?id=1&key=5,0
59eaa15,pdflist.mmic.net.cn/?id=1&key=6,0
b8ef4a2,pdflist.mmic.net.cn/?id=1&key=7,0
12cb19c,pdflist.mmic.net.cn/?id=1&key=8,0
1e6f1ad,pdflist.mmic.net.cn/?id=1&key=9,0
32509d5,true.mmic.net.cn/?id=21&key=a,0
ae7d463,true.mmic.net.cn/?id=21&key=b,0
1c0d649,true.mmic.net.cn/?id=21&key=c,0
bfa9e0f,true.mmic.net.cn/?id=21&key=d,0
9e2d62c,true.mmic.net.cn/?id=21&key=e,0
cb7fe97,true.mmic.net.cn/?id=21&key=f,0
2a841c5,true.mmic.net.cn/?id=21&key=g,0
97f2151,true.mmic.net.cn/?id=21&key=h,0
961410a,true.mmic.net.cn/?id=21&key=i,0
8e86cc3,true.mmic.net.cn/?id=21&key=j,0
3107f5a,true.mmic.net.cn/?id=21&key=k,0
9340af3,true.mmic.net.cn/?id=21&key=l,0
9e7a342,true.mmic.net.cn/?id=21&key=m,0
bcf490d,true.mmic.net.cn/?id=21&key=n,0
94d3e40,true.mmic.net.cn/?id=21&key=o,0
c5f99b5,true.mmic.net.cn/?id=21&key=p,0
ff8c642,true.mmic.net.cn/?id=21&key=q,0
7ea11b4,true.mmic.net.cn/?id=21&key=r,0
d08e35f,true.mmic.net.cn/?id=21&key=s,0
d3dca6d,true.mmic.net.cn/?id=21&key=t,0
03f0746,true.mmic.net.cn/?id=21&key=u,0
a480634,true.mmic.net.cn/?id=21&key=v,0
bdc0526,true.mmic.net.cn/?id=21&key=w,0
65777f6,true.mmic.net.cn/?id=21&key=x,0
fd113d1,true.mmic.net.cn/?id=21&key=y,0
217307d,true.mmic.net.cn/?id=21&key=z,0
0df461f,true.mmic.net.cn/?id=21&key=0,0
17c3d01,true.mmic.net.cn/?id=21&key=1,0
ae2059b,true.mmic.net.cn/?id=21&key=2,0
9a98061,true.mmic.net.cn/?id=21&key=3,0
6ce6e05,true.mmic.net.cn/?id=21&key=4,0
513ab44,true.mmic.net.cn/?id=21&key=5,0
4bfd0ff,true.mmic.net.cn/?id=21&key=6,0
2f4f9c7,true.mmic.net.cn/?id=21&key=7,0
9978e8e,true.mmic.net.cn/?id=21&key=8,0
9c097eb,true.mmic.net.cn/?id=21&key=9,0
8dbb21a,www.mmic.net.cn/ic.aspx?id=50&key=a,0
17d6e7f,www.mmic.net.cn/ic.aspx?id=50&key=b,0
f7fcc0c,www.mmic.net.cn/ic.aspx?id=50&key=c,0
b879c9f,www.mmic.net.cn/ic.aspx?id=50&key=d,0
d864320,www.mmic.net.cn/ic.aspx?id=50&key=e,0
ed064b9,www.mmic.net.cn/ic.aspx?id=50&key=f,0
e406769,www.mmic.net.cn/ic.aspx?id=50&key=g,0
3435fed,www.mmic.net.cn/ic.aspx?id=50&key=h,0
56193b7,www.mmic.net.cn/ic.aspx?id=50&key=i,0
105fdd3,www.mmic.net.cn/ic.aspx?id=50&key=j,0
3e5a1e0,www.mmic.net.cn/ic.aspx?id=50&key=k,0
0350bc8,www.mmic.net.cn/ic.aspx?id=50&key=l,0
9782ff9,www.mmic.net.cn/ic.aspx?id=50&key=m,0
2e45eb8,www.mmic.net.cn/ic.aspx?id=50&key=n,0
b9a587a,www.mmic.net.cn/ic.aspx?id=50&key=o,0
09efeff,www.mmic.net.cn/ic.aspx?id=50&key=p,0
25575a3,www.mmic.net.cn/ic.aspx?id=50&key=q,0
30f80df,www.mmic.net.cn/ic.aspx?id=50&key=r,0
46f3b17,www.mmic.net.cn/ic.aspx?id=50&key=s,0
3fcb061,www.mmic.net.cn/ic.aspx?id=50&key=t,0
3e1b693,www.mmic.net.cn/ic.aspx?id=50&key=u,0
d680567,www.mmic.net.cn/ic.aspx?id=50&key=v,0
9e98de7,www.mmic.net.cn/ic.aspx?id=50&key=w,0
1e5b078,www.mmic.net.cn/ic.aspx?id=50&key=x,0
1a4559a,www.mmic.net.cn/ic.aspx?id=50&key=y,0
303a074,www.mmic.net.cn/ic.aspx?id=50&key=z,0
9b0fb1a,www.mmic.net.cn/ic.aspx?id=50&key=0,0
b87e96d,www.mmic.net.cn/ic.aspx?id=50&key=1,0
31eb505,www.mmic.net.cn/ic.aspx?id=50&key=2,0
99d774f,www.mmic.net.cn/ic.aspx?id=50&key=3,0
435f2ee,www.mmic.net.cn/ic.aspx?id=50&key=4,0
5b18c93,www.mmic.net.cn/ic.aspx?id=50&key=5,0
b8e5ae9,www.mmic.net.cn/ic.aspx?id=50&key=6,0
f0d1da4,www.mmic.net.cn/ic.aspx?id=50&key=7,0
0235be7,www.mmic.net.cn/ic.aspx?id=50&key=8,0
379f735,www.mmic.net.cn/ic.aspx?id=50&key=9,0
994fe3d,idinfo.zjamr.zj.gov.cn/bscx.do?method=lzxx&id=3301063301062003001903,0
7bf3a0e,data.hqchip.com:4006/t/Fca,0
74e1a9e,www.huaqiu.cn/about/groupoverview,0
65520b8,www.elecfans.com/news/hangye,0
21cdb11,www.elecfans.com/technical/all,0
6b42906,www.elecfans.com/d/column,0
65bda1f,www.elecfans.com/news/report,0
7935e8c,www.elecfans.com/about/contribute.html,0
2c2032c,www.elecfans.com/about/feedback.html,0
4a67576,www.elecfans.com/about/copyright.html,0
0e337a5,www.elecfans.com/about/friendlink.html,0
174f129,www.elecfans.com/about/contact.html,0
247408e,www.hqchip.com/p/178326-5.html,0
9fb8874,www.hqchip.com/p/UMW%252520DS18B20.html,0
ce1763e,smt.hqchip.com/online/pcb.html,0
f67887b,www.hqchip.com/app/943_n25_030405,0
37d75a0,www.hqchip.com/app/398_n25_16633_540636,0
c840279,www.hqchip.com/app/920_n25_033145,0
dc428ed,www.hqchip.com/app/398_n25_157964_157907,0
9036e57,www.hqchip.com/app/404_n50_033145,0
a3df312,www.hqchip.com/app/805_n25_294067,0
c526e74,www.hqchip.com/app/1433_n25_030493,0
733fbe6,www.hqchip.com/app/1641_n25_030444,0
66befdc,www.hqchip.com/app/canshu ,0
22bb94e,www.hqps.com/chanpin/b3b5c5c6cab6b1f0.html,0
de18c75,www.hqps.com/chanpin/d2babea7c6b4bdd3c6c1.html,0
624de0b,pingxuan.hqps.com/2017/pc-list.html,0
79bbaaf,www.hqps.com/about/ad3.html,0
3175b1b,www.hqps.com/about/contact.html,0
313c6de,www.51hei.com/mcuteach/252.html,0
7c2c05e,www.51hei.com/mcuteach/150.html,0
75adfe0,www.51hei.com/mcu/keil教程.html,0
346fa53,www.dzsc.com/member/reg.aspx,0
0e82a54,www.dzsc.com/ic/buystockadd.aspx,0
432bce9,product.dzsc.com/product/file667.html,0
6db1d09,product.dzsc.com/product/file895.html,0
b048d25,product.dzsc.com/product/file284.html,0
d2a339b,www.dzsc.com/about/about5.asp,0
7c96002,www.gkzhan.com/offer/fbqg.html,0
1a62570,www.gkzhan.com/service/service1.html,0
ce32bb5,www.gkzhan.com/st18525/list_276360.html,0
3953d3d,www.gkzhan.com/st57784/erlist_180082.html,0
6fadf12,www.gkzhan.com/st225780/product_10456683.html,0
5481d6e,www.gkzhan.com/st225780/product_10456682.html,0
d081770,www.gkzhan.com/st225780/product_10456681.html,0
b108ac8,www.gkzhan.com/st225780/product_10456680.html,0
4aec455,www.gkzhan.com/st225780/product_10456679.html,0
67d98f3,www.gkzhan.com/st225780/product_10456678.html,0
b7f9009,www.gkzhan.com/st225780/product_10456677.html,0
ac7f0c0,www.gkzhan.com/st225780/product_10456676.html,0
92d8948,www.gkzhan.com/st225780/product_10456675.html,0
dc0c12a,www.gkzhan.com/st225780/product_10456674.html,0
4ae6549,www.gkzhan.com/st226231/product_10456663.html,0
b944b9f,www.gkzhan.com/st226231/product_10456661.html,0
8c2a6ff,www.gkzhan.com/service/Service3.html,0
ad59178,www.gkzhan.com/link/add.html,0
854ba45,www.gkzhan.com/update/newproduct.html,0
014f210,www.gkzhan.com/update/newnews.html,0
ba6685a,www.gkzhan.com/update/newziliao.html,0
0353dc8,www.gkzhan.com/service/Service18.html,0
f10448e,www.gkzhan.com/xwt/download,0
f2cc9b8,www.oceanoptics.cn/applications/1728,0
112e8be,www.ck365.cn/update/newproduct.html,0
ea9967f,www.ck365.cn/update/newcompany.html,0
c368c2c,www.ck365.cn/update/newnews.html,0
fab708f,www.ck365.cn/update/newqynews.html,0
97f5beb,www.ck365.cn/update/newanli.html,0
616313b,www.ck365.cn/update/newlunwen.html,0
04ac094,www.ck365.cn/about/privacy.htm,0
186ea9e,www.ck365.cn/extend/contact.html,0
161432c,www.ck365.cn/extend/about.html,0
dd67676,www.qufair.com/convention/7299.shtml,0
6cb953e,www.elecfans.com/vip/#choose,0
5c35fd3,t.elecfans.com/active/10years.html?elecfans_trackid=bbs_topwoeds,0
52d0bcd,www.elecfans.com/quiz/79?elecfans_source=txt8,0
bdf925b,www.elecfans.com/company/keysight202005/index.html?textlink8,0
0f3431f,www.elecfans.com/quiz/82?elecfans_source=textlink8,0
baf69bb,www.hqpcb.com/account/register?tid=653,0
1bdfc59,www.beian.gov.cn/portal/registerSystemInfo?recordcode=11010802021866,0
b71ef7b,www.beian.gov.cn/portal/registerSystemInfo?recordcode=11010502037710,0
11580b5,www.beian.gov.cn/portal/registerSystemInfo?recordcode=33010602000101,0
d3bea76,www.beian.gov.cn/portal/registerSystemInfo?recordcode=33010602000539,0
db824b9,www.hqchip.com/app/835/canshu,0
22d314a,www.hqchip.com/app/855/canshu,0
b1b8de4,www.hqchip.com/app/857/canshu,0
a02d4fb,www.hqchip.com/app/879/canshu,0
a948f76,www.hqchip.com/app/1430/canshu,0
23bf3a2,www.hqchip.com/app/1473/canshu,0
7bede3c,product.dzsc.com/product/searchfile/826.html,0
c8d37e6,product.dzsc.com/product/searchfile/1491.html,0
4fe9018,www.gkzhan.com/company_news/t0/list.html,0
03c8be8,www.gkzhan.com/news/t0/list.html,0
86c2cad,www.gkzhan.com/news/t1358/list.html,0
f2af4fd,www.gkzhan.com/news/t2175/list.html,0
2389311,www.gkzhan.com/news/detail/124202.html,0
4e9071a,www.gkzhan.com/news/detail/124191.html,0
eb8b52f,www.gkzhan.com/news/t14/list.html,0
88dd733,www.gkzhan.com/news/t4968/list.html,0
4f544a8,www.gkzhan.com/news/t140/list.html,0
75e2892,www.gkzhan.com/news/detail/124187.html,0
ff41311,www.gkzhan.com/news/detail/124056.html,0
96a5f8f,www.gkzhan.com/offer_buy/t0/list.html,0
886103e,www.gkzhan.com/offer_buy/detail/975343.html,0
60ed7be,www.gkzhan.com/offer_buy/detail/975342.html,0
dc42011,www.gkzhan.com/offer_buy/detail/975341.html,0
6453525,www.gkzhan.com/offer_buy/detail/975337.html,0
1f678d8,www.gkzhan.com/offer_buy/detail/975336.html,0
3857efb,www.gkzhan.com/offer_buy/detail/975335.html,0
1f82729,www.gkzhan.com/offer_buy/detail/975334.html,0
3a7686d,www.gkzhan.com/offer_buy/detail/975333.html,0
63e692e,www.gkzhan.com/offer_buy/detail/975332.html,0
2436379,www.gkzhan.com/offer_buy/detail/975329.html,0
b3a6bff,www.gkzhan.com/news/t176/list.html,0
20afe08,www.gkzhan.com/news/t13/list.html,0
c288f4c,www.gkzhan.com/tech_news/t142/list.html,0
2b05679,www.gkzhan.com/tech_news/t141/list.html,0
44e64b7,www.gkzhan.com/tech_news/detail/248038.html,0
1190c20,www.gkzhan.com/tech_news/detail/245815.html,0
1ce037e,www.gkzhan.com/tech_news/detail/245375.html,0
beedf60,www.gkzhan.com/tech_news/detail/243772.html,0
521ce5c,www.gkzhan.com/tech_news/detail/241800.html,0
c99b173,www.gkzhan.com/tech_news/detail/238289.html,0
66e74d4,www.gkzhan.com/tech_news/detail/233733.html,0
1383a0c,www.gkzhan.com/tech_news/detail/222044.html,0
774287a,www.gkzhan.com/tech_news/detail/203494.html,0
8daa255,www.gkzhan.com/tech_news/detail/194952.html,0
c70e2e1,www.gkzhan.com/tech_news/detail/192267.html,0
c002160,www.gkzhan.com/tech_news/detail/186245.html,0
f43cc47,www.gkzhan.com/tech_news/detail/249531.html,0
2364672,www.gkzhan.com/tech_news/detail/248748.html,0
4461de6,www.gkzhan.com/tech_news/detail/248740.html,0
613f4e1,www.gkzhan.com/tech_news/detail/248105.html,0
06ca202,www.gkzhan.com/tech_news/detail/247878.html,0
9f807d6,www.gkzhan.com/tech_news/detail/247826.html,0
f38a736,www.gkzhan.com/tech_news/detail/247631.html,0
94150ec,www.gkzhan.com/tech_news/detail/247269.html,0
81de11f,www.gkzhan.com/tech_news/detail/247133.html,0
b803ead,www.gkzhan.com/tech_news/detail/241908.html,0
5b7015d,www.gkzhan.com/tech_news/detail/240893.html,0
25ea655,www.gkzhan.com/tech_news/detail/232803.html,0
7bbfc9d,www.gkzhan.com/tech_news/detail/220671.html,0
160575d,www.gkzhan.com/news/t4690/list.html,0
c05d0f1,www.gkzhan.com/news/detail/119540.html,0
804512e,www.gkzhan.com/news/t4911/list.html,0
876a135,www.gkzhan.com/news/t4691/list.html,0
10586ec,www.gkzhan.com/news/detail/117739.html,0
86bae7f,www.gkzhan.com/news/detail/117736.html,0
e01429b,www.gkzhan.com/news/detail/117648.html,0
e717a38,www.gkzhan.com/news/detail/117577.html,0
b005dae,www.gkzhan.com/news/detail/117576.html,0
d3daf6c,www.gkzhan.com/news/detail/117453.html,0
807a85b,www.gkzhan.com/news/detail/117367.html,0
74a01bb,www.gkzhan.com/news/detail/117337.html,0
35a2532,www.gkzhan.com/news/detail/117027.html,0
060e704,www.gkzhan.com/news/detail/117007.html,0
1fbb8ed,www.ck365.cn/extend/redirect.php?url=V29QcQAvAi9bP1Z5UC9RIl12XSIILwFwAGdUZA14BzwHOVdtDnhdc1loCWUAJQl5UGUPaAJlD31UfF5jA2pWaVcoUGEANAIoW2tWOlBvUTRdZV16CHUBbwBCVGUNfAc7BztXbQ40XWRZSwlgACMJeVAiD2MCZA8xVDFeaANkVmpXaVBgADcCFlthVmtQMlFh&itemid=20&zid=23,0
477eb81,dhtest.com/classic_case/detail/238.htm,0
7fac4ca,dhtest.com/classic_case/detail/41.htm,0
85c5c9e,www.ck365.cn/qynews/leibie/1,0
8a4def8,www.ck365.cn/qynews/6/29136.html,0
b721799,www.ck365.cn/qynews/6/29131.html,0
d80fd56,www.ck365.cn/qynews/6/29120.html,0
a84a667,www.ck365.cn/qynews/6/29119.html,0
cf632be,www.ck365.cn/qynews/6/29118.html,0
7fb6e24,www.ck365.cn/extend/redirect.php?url=Bz8DIlxzAC1bPwgnVSpSIVN4AH9WcVwpAWJSflI1ATdWf1BrCjRdLltmAW8Ee1YhXWQJcwZ5XzdQNV5lViMHegcyAzhcYAA0W2sIbVVgUiRTZgBmVjg=&itemid=96&zid=29,0
75b8006,fbp.sohu.com/fbp/problem/advice?product=pc&spm=smpc.ch30.user-fb.1.1589031100252UWGqR1x,0
25006a6,www.hqchip.com/promote/discount/type/10.html,0
674f234,www.fa.omron.com.cn/solution/sensor/vision-sensors_machine-vision-systems/17603.html,0
136ce7f,www.gkzhan.com/feature/gkzt/2012/chuangz/index.html,0
26d8e5d,www.ck365.cn/extend/redirect.php?url=AjoHJg0iV3pccQU/WyQHLFN4DHMFewEuA2RWZlA3VGoHOFRmCn8GOAs6CWRRLgluV2UNKgllWD0GdQA9UjVWcAI7Bz0NOFclXGcFYVt+B2BTbgxwBWUBbwNrViVQOlRvBzVUcwowBikLLAkmUXcJZFdvDWAJb1gqBi8Aa1JsVjcCZAdlDWVXP1wxBTdbOgczUz8MNQUiAWgDcVZlUDo=&itemid=86&zid=30,0
2df0757,api.weibo.com/oauth2/authorize?response_type=code&client_id=4036945945&redirect_uri=https://www.gkzhan.com/usermanage/openlogin.aspx?args=weibo,/usermanage/default.aspx,0
